alternate_identifier,author,author_email,citation,ckan_dataset_type,conforms_to,contact_uri,creator_user_id,data_notes,data_source,data_structure,dataset_id,dataset_owner,dcat_type,detailed_spatial,frequency,id,idb_origin,identifier,in_series,indicator_url,isopen,language,license_id,license_title,license_url,maintainer,maintainer_email,metadata_created,metadata_modified,name,notes,notes_translated,num_resources,num_tags,organization,owner_org,private,regional,related_identifier_type,relation,relation_type,source,state,statistical_type,tags_translated,temporal_end,temporal_start,theme,title,title_translated,type,unit_chief,unit_observation,unit_responsible,url,version,creator,publisher,spatial_coverage,tags,groups,relationships_as_subject,relationships_as_object,doi,doi_status,domain,doi_date_published,doi_publisher
https://mydata.iadb.org/,,,"{'en': 'Inter-American Development Bank, 2021, Social Indicators of Latin America and the Caribbean, IDB Open Data, https://doi.org/10.60966/qtp2zxqd', 'es': 'Inter-American Development Bank, 2021, Social Indicators of Latin America and the Caribbean, IDB Open Data, https://doi.org/10.60966/qtp2zxqd', 'fr': 'Inter-American Development Bank, 2021, Social Indicators of Latin America and the Caribbean, IDB Open Data, https://doi.org/10.60966/qtp2zxqd', 'pt_BR': 'Inter-American Development Bank, 2021, Social Indicators of Latin America and the Caribbean, IDB Open Data, https://doi.org/10.60966/qtp2zxqd'}",indicator,https://data.iadb.org/DataCatalog/v1.0/schema,opendata@iadb.org,8748d869-6ba2-4035-8f37-a0e627eb4c16,"{'en': 'More than 150 indicators disaggregated by ethnicity and race, gender, geographic residence, education, and income quintile.', 'es': 'More than 150 indicators disaggregated by ethnicity and race, gender, geographic residence, education, and income quintile.', 'fr': 'More than 150 indicators disaggregated by ethnicity and race, gender, geographic residence, education, and income quintile.', 'pt_BR': 'More than 150 indicators disaggregated by ethnicity and race, gender, geographic residence, education, and income quintile.'}","{'en': '', 'es': '', 'fr': '', 'pt_BR': ''}","{'en': ['https://taxonomy.iadb.org/knowledgeProductsTaxonomy/20ec2046-8126-4e1d-a7ec-08a8d3d5f24c'], 'es': ['https://taxonomy.iadb.org/knowledgeProductsTaxonomy/20ec2046-8126-4e1d-a7ec-08a8d3d5f24c'], 'fr': ['https://taxonomy.iadb.org/knowledgeProductsTaxonomy/20ec2046-8126-4e1d-a7ec-08a8d3d5f24c'], 'pt_BR': ['https://taxonomy.iadb.org/knowledgeProductsTaxonomy/20ec2046-8126-4e1d-a7ec-08a8d3d5f24c']}",2,8748d869-6ba2-4035-8f37-a0e627eb4c16,"{'en': ['https://taxonomy.iadb.org/knowledgeProductsTaxonomy/ba70c67d-1a87-46ac-ad2a-479d2c354809'], 'es': ['https://taxonomy.iadb.org/knowledgeProductsTaxonomy/ba70c67d-1a87-46ac-ad2a-479d2c354809'], 'fr': ['https://taxonomy.iadb.org/knowledgeProductsTaxonomy/ba70c67d-1a87-46ac-ad2a-479d2c354809'], 'pt_BR': ['https://taxonomy.iadb.org/knowledgeProductsTaxonomy/ba70c67d-1a87-46ac-ad2a-479d2c354809']}","{'en': '', 'es': '', 'fr': '', 'pt_BR': ''}","{'en': 'Quarterly', 'es': '', 'fr': '', 'pt_BR': ''}",98a5b747-7c01-4476-a283-6832ea136072,,https://doi.org/10.60966/qtp2zxqd,{},https://www.iadb.org/en/knowledge-resources/data/social-data,True,['en'],cc-by,Creative Commons Attribution 4.0 International,https://creativecommons.org/licenses/by/4.0/deed,,,2021-11-08T00:00:00,2026-02-25T04:52:20.524850,social-indicators-of-latin-america-and-the-caribbean,"Social Indicators of Latin America and the Caribbean is a diverse dataset of indicators designed to capture social conditions in Latin America and the Caribbean. 

The social indicators of development are derived from national household survey data, Censuses, and other sources, covering 21 countries from 1990 to the present. While the social indicators encompass traditional global metrics, the database also features tailor-made indicators in five areas to more accurately capture conditions in LAC. Those include: 
<ol>
<li>1. Demographics </li>
<li>2. Education </li>
3. Labor Market </li>
<li>4. Housing, and </li>
<li>5. Income </li>
</ol>

Moreover, unlike traditional aggregate indicators, the social indicators are disaggregated by:
<ul>
<li>-  ethnicity and race (when available) </li>
<li>- gender </li>
<li>- geographic residence </li>
<li>- education, and </li>
<li>- income quintile. </li> </ul>

The indicators are not intended to serve as official data for any particular country but instead aim to provide a comparable set of social indicators for the Latin American region.","{'en': 'Social Indicators of Latin America and the Caribbean is a diverse dataset of indicators designed to capture social conditions in Latin America and the Caribbean. \r\n\r\nThe social indicators of development are derived from national household survey data, Censuses, and other sources, covering 21 countries from 1990 to the present. While the social indicators encompass traditional global metrics, the database also features tailor-made indicators in five areas to more accurately capture conditions in LAC. Those include: \r\n<ol>\r\n<li>1. Demographics </li>\r\n<li>2. Education </li>\r\n3. Labor Market </li>\r\n<li>4. Housing, and </li>\r\n<li>5. Income </li>\r\n</ol>\r\n\r\nMoreover, unlike traditional aggregate indicators, the social indicators are disaggregated by:\r\n<ul>\r\n<li>-  ethnicity and race (when available) </li>\r\n<li>- gender </li>\r\n<li>- geographic residence </li>\r\n<li>- education, and </li>\r\n<li>- income quintile. </li> </ul>\r\n\r\nThe indicators are not intended to serve as official data for any particular country but instead aim to provide a comparable set of social indicators for the Latin American region.', 'es': 'Indicadores Sociales de América Latina y el Caribe es un conjunto de datos diverso de indicadores diseñado para captar las condiciones sociales en América Latina y el Caribe.\r\n\r\nLos indicadores sociales de desarrollo se derivan de datos de encuestas nacionales de hogares, censos y otras fuentes, y abarcan 21 países desde 1990 hasta la actualidad. Si bien los indicadores sociales incluyen métricas globales tradicionales, la base de datos también incorpora indicadores diseñados a medida en cinco áreas para captar con mayor precisión las condiciones en ALC. Estas áreas incluyen:\r\n1. Demografía\r\n2. Educación\r\n3. Mercado laboral\r\n4. Vivienda\r\n5. Ingresos\r\n\r\nAdemás, a diferencia de los indicadores agregados tradicionales, los indicadores sociales se presentan desagregados por:\r\n- etnicidad y raza (cuando están disponibles)\r\n- género\r\n- residencia geográfica\r\n- nivel educativo\r\n- quintil de ingresos.\r\n\r\nLos indicadores no tienen como objetivo servir como datos oficiales de ningún país en particular, sino proporcionar un conjunto comparable de indicadores sociales para la región de América Latina.', 'fr': 'Les Indicateurs sociaux de l’Amérique latine et des Caraïbes constituent un ensemble de données diversifié d’indicateurs conçu pour rendre compte des conditions sociales en Amérique latine et dans les Caraïbes.\r\n\r\nLes indicateurs sociaux de développement proviennent des données des enquêtes nationales auprès des ménages, des recensements et d’autres sources, et couvrent 21 pays de 1990 à aujourd’hui. Si ces indicateurs incluent des mesures mondiales traditionnelles, la base de données propose également des indicateurs conçus sur mesure dans cinq domaines afin de mieux refléter les conditions en ALC : 1) démographie, 2) éducation, 3) marché du travail, 4) logement et 5) revenu.\r\n\r\nEn outre, contrairement aux indicateurs agrégés traditionnels, les indicateurs sont ventilés par : (i) origine ethnique et race (lorsque disponible), (ii) sexe, (iii) lieu de résidence géographique, (iv) niveau d’éducation et (v) quintile de revenu.\r\n\r\nCes indicateurs n’ont pas vocation à servir de données officielles pour un pays donné, mais visent plutôt à fournir un ensemble comparable d’indicateurs sociaux pour la région d’Amérique latine et des Caraïbes.', 'pt_BR': 'Indicadores Sociais da América Latina e do Caribe é um conjunto diverso de indicadores concebido para captar as condições sociais na América Latina e no Caribe.\r\n\r\nOs indicadores sociais de desenvolvimento são derivados de dados de pesquisas domiciliares nacionais, censos e outras fontes, abrangendo 21 países de 1990 até o presente. Embora os indicadores sociais incluam métricas globais tradicionais, a base também apresenta indicadores elaborados sob medida em cinco áreas para capturar com maior precisão as condições na ALC. Essas áreas incluem:\r\n1. Demografia\r\n2. Educação\r\n3. Mercado de trabalho\r\n4. Habitação\r\n5. Renda\r\n\r\nAlém disso, diferentemente dos indicadores agregados tradicionais, os indicadores sociais são desagregados por:\r\n- etnia e raça (quando disponível)\r\n- gênero\r\n- local de residência\r\n- escolaridade\r\n- quintil de renda.\r\n\r\nOs indicadores não se destinam a servir como dados oficiais de nenhum país específico, mas sim a fornecer um conjunto comparável de indicadores sociais para a região latino-americana.'}",533,0,"{'id': 'aa9ea49a-64f0-4dcc-9c01-06245f1392a1', 'name': 'idb-datasets', 'title': 'IDB Datasets', 'type': 'organization', 'description': 'Official list of IDB Datasets', 'image_url': '', 'created': '2025-03-08T06:03:00.229362', 'is_organization': True, 'approval_status': 'approved', 'state': 'active'}",aa9ea49a-64f0-4dcc-9c01-06245f1392a1,False,"{'en': ['https://taxonomy.iadb.org/knowledgeProductsTaxonomy/43917453886588535763041'], 'es': ['https://taxonomy.iadb.org/knowledgeProductsTaxonomy/43917453886588535763041'], 'fr': ['https://taxonomy.iadb.org/knowledgeProductsTaxonomy/43917453886588535763041'], 'pt_BR': ['https://taxonomy.iadb.org/knowledgeProductsTaxonomy/43917453886588535763041']}",,,,[],active,"{'en': ['https://taxonomy.iadb.org/knowledgeProductsTaxonomy/c8198b46-0399-40ec-877a-c2a5a26b0e8e'], 'es': ['https://taxonomy.iadb.org/knowledgeProductsTaxonomy/c8198b46-0399-40ec-877a-c2a5a26b0e8e'], 'fr': ['https://taxonomy.iadb.org/knowledgeProductsTaxonomy/c8198b46-0399-40ec-877a-c2a5a26b0e8e'], 'pt_BR': ['https://taxonomy.iadb.org/knowledgeProductsTaxonomy/c8198b46-0399-40ec-877a-c2a5a26b0e8e']}","{'en': ['Education', 'Employment', 'Gender', 'Health', 'Migration', 'Social Protection'], 'es': ['Educación', 'Empleo', 'Género', 'Salud', 'Migración', 'Protección social'], 'fr': ['Éducation', 'Emploi', 'Genre', 'Santé', 'Migration', 'Protection sociale'], 'pt_BR': ['Educação', 'Emprego', 'Gênero', 'Saúde', 'Migração', 'Proteção Social']}",2023-01-01,1990-01-01,"{'en': ['https://taxonomy.iadb.org/knowledgeProductsTaxonomy/14655016122016650354954', 'https://taxonomy.iadb.org/knowledgeProductsTaxonomy/71823130014935379', 'https://taxonomy.iadb.org/knowledgeProductsTaxonomy/63575251470988856', 'https://taxonomy.iadb.org/knowledgeProductsTaxonomy/5359760942722238', 'https://taxonomy.iadb.org/knowledgeProductsTaxonomy/82451829792987269']}",Social Indicators of Latin America and the Caribbean,"{'en': 'Social Indicators of Latin America and the Caribbean', 'es': 'Indicadores Sociales de América Latina y el Caribe', 'fr': 'Indicateurs Sociaux de l’Amérique Latine et des Caraïbes', 'pt_BR': 'Indicadores Sociais da América Latina e do Caribe'}",dataset,,"{'en': 'Indicator-Year', 'es': '', 'fr': '', 'pt_BR': ''}","{'en': 'Social Sector (VPS/SCL/SCL)', 'es': '', 'fr': '', 'pt_BR': ''}",,,"[{'creator_name': {'en': 'Inter-American Development Bank', 'es': '', 'fr': '', 'pt_BR': ''}, 'creator_type': 'organizational', 'url': ''}]","[{'email': '', 'publisher_name': {'en': 'Inter-American Development Bank', 'es': '', 'fr': '', 'pt_BR': ''}, 'type': '', 'uri': 'https://data.iadb.org', 'url': ''}]","[{'bbox': '', 'centroid': '', 'geom': '', 'label': {'en': 'Argentina', 'es': 'Argentina', 'fr': 'Argentina', 'pt_BR': 'Argentina'}, 'uri': 'https://sws.geonames.org/3865483'}, {'bbox': '', 'centroid': '', 'geom': '', 'label': {'en': 'Bahamas', 'es': 'Bahamas', 'fr': 'Bahamas', 'pt_BR': 'Bahamas'}, 'uri': 'https://sws.geonames.org/3572887'}, {'bbox': '', 'centroid': '', 'geom': '', 'label': {'en': 'Costa Rica', 'es': 'Costa Rica', 'fr': 'Costa Rica', 'pt_BR': 'Costa Rica'}, 'uri': 'https://sws.geonames.org/3624060'}, {'bbox': '', 'centroid': '', 'geom': '', 'label': {'en': 'El Salvador', 'es': 'El Salvador', 'fr': 'El Salvador', 'pt_BR': 'El Salvador'}, 'uri': 'https://sws.geonames.org/3585968'}, {'bbox': '', 'centroid': '', 'geom': '', 'label': {'en': 'Mexico', 'es': 'Mexico', 'fr': 'Mexico', 'pt_BR': 'Mexico'}, 'uri': 'https://sws.geonames.org/3996063'}, {'bbox': '', 'centroid': '', 'geom': '', 'label': {'en': 'Nicaragua', 'es': 'Nicaragua', 'fr': 'Nicaragua', 'pt_BR': 'Nicaragua'}, 'uri': 'https://sws.geonames.org/3617476'}, {'bbox': '', 'centroid': '', 'geom': '', 'label': {'en': 'Guatemala', 'es': 'Guatemala', 'fr': 'Guatemala', 'pt_BR': 'Guatemala'}, 'uri': 'https://sws.geonames.org/3595528'}, {'bbox': '', 'centroid': '', 'geom': '', 'label': {'en': 'Guyana', 'es': 'Guyana', 'fr': 'Guyana', 'pt_BR': 'Guyana'}, 'uri': 'https://sws.geonames.org/3378535'}, {'bbox': '', 'centroid': '', 'geom': '', 'label': {'en': 'Haiti', 'es': 'Haiti', 'fr': 'Haiti', 'pt_BR': 'Haiti'}, 'uri': 'https://sws.geonames.org/3723988'}, {'bbox': '', 'centroid': '', 'geom': '', 'label': {'en': 'Honduras', 'es': 'Honduras', 'fr': 'Honduras', 'pt_BR': 'Honduras'}, 'uri': 'https://sws.geonames.org/3608932'}, {'bbox': '', 'centroid': '', 'geom': '', 'label': {'en': 'Jamaica', 'es': 'Jamaica', 'fr': 'Jamaica', 'pt_BR': 'Jamaica'}, 'uri': 'https://sws.geonames.org/3489940'}, {'bbox': '', 'centroid': '', 'geom': '', 'label': {'en': 'Panama', 'es': 'Panama', 'fr': 'Panama', 'pt_BR': 'Panama'}, 'uri': 'https://sws.geonames.org/3703430'}, {'bbox': '', 'centroid': '', 'geom': '', 'label': {'en': 'Uruguay', 'es': 'Uruguay', 'fr': 'Uruguay', 'pt_BR': 'Uruguay'}, 'uri': 'https://sws.geonames.org/3439705'}, {'bbox': '', 'centroid': '', 'geom': '', 'label': {'en': 'Venezuela', 'es': 'Venezuela', 'fr': 'Venezuela', 'pt_BR': 'Venezuela'}, 'uri': 'https://sws.geonames.org/3625428'}, {'bbox': '', 'centroid': '', 'geom': '', 'label': {'en': 'Barbados', 'es': 'Barbados', 'fr': 'Barbados', 'pt_BR': 'Barbados'}, 'uri': 'https://sws.geonames.org/3374084'}, {'bbox': '', 'centroid': '', 'geom': '', 'label': {'en': 'Peru', 'es': 'Peru', 'fr': 'Peru', 'pt_BR': 'Peru'}, 'uri': 'https://sws.geonames.org/3932488'}, {'bbox': '', 'centroid': '', 'geom': '', 'label': {'en': 'Puerto Rico', 'es': 'Puerto Rico', 'fr': 'Puerto Rico', 'pt_BR': 'Puerto Rico'}, 'uri': 'https://sws.geonames.org/4566966'}, {'bbox': '', 'centroid': '', 'geom': '', 'label': {'en': 'Suriname', 'es': 'Suriname', 'fr': 'Suriname', 'pt_BR': 'Suriname'}, 'uri': 'https://sws.geonames.org/3382998'}, {'bbox': '', 'centroid': '', 'geom': '', 'label': {'en': 'Trinidad and Tobago', 'es': 'Trinidad and Tobago', 'fr': 'Trinidad and Tobago', 'pt_BR': 'Trinidad and Tobago'}, 'uri': 'https://sws.geonames.org/3573591'}, {'bbox': '', 'centroid': '', 'geom': '', 'label': {'en': 'Belize', 'es': 'Belize', 'fr': 'Belize', 'pt_BR': 'Belize'}, 'uri': 'https://sws.geonames.org/3582678'}, {'bbox': '', 'centroid': '', 'geom': '', 'label': {'en': 'Dominican Republic', 'es': 'Dominican Republic', 'fr': 'Dominican Republic', 'pt_BR': 'Dominican Republic'}, 'uri': 'https://sws.geonames.org/3508796'}, {'bbox': '', 'centroid': '', 'geom': '', 'label': {'en': 'Ecuador', 'es': 'Ecuador', 'fr': 'Ecuador', 'pt_BR': 'Ecuador'}, 'uri': 'https://sws.geonames.org/3658394'}, {'bbox': '', 'centroid': '', 'geom': '', 'label': {'en': 'Bolivia', 'es': 'Bolivia', 'fr': 'Bolivia', 'pt_BR': 'Bolivia'}, 'uri': 'https://sws.geonames.org/3923057'}, {'bbox': '', 'centroid': '', 'geom': '', 'label': {'en': 'Brazil', 'es': 'Brazil', 'fr': 'Brazil', 'pt_BR': 'Brazil'}, 'uri': 'https://sws.geonames.org/3469034'}, {'bbox': '', 'centroid': '', 'geom': '', 'label': {'en': 'Chile', 'es': 'Chile', 'fr': 'Chile', 'pt_BR': 'Chile'}, 'uri': 'https://sws.geonames.org/3895114'}, {'bbox': '', 'centroid': '', 'geom': '', 'label': {'en': 'Colombia', 'es': 'Colombia', 'fr': 'Colombia', 'pt_BR': 'Colombia'}, 'uri': 'https://sws.geonames.org/3686110'}]",[],[],[],[],10.60966/qtp2zxqd,True,https://data.iadb.org,2025-03-08,IADB
