freq,unit,geo\TIME_PERIOD	1978 	1979 	1980 	1981 	1982 	1983 	1984 	1985 	1986 	1987 	1988 	1989 	1990 	1991 	1992 	1993 	1994 	1995 	1996 	1997 	1998 	1999 	2000 	2001 	2002 	2003 	2004 	2005 	2006 	2007 	2008 	2009 	2010 	2011 	2012 	2013 	2014 	2015 	2016 	2017 
A,GDP_BEUR,AT	: 	4.96 	4.51 	4.86 	5.19 	4.93 	5.95 	6.33 	5.3 	5.7 	5.81 	5.56 	4.94 	4.71 	4.12 	4.07 	3.98 	3.68 	4.11 	5.27 	5.01 	5.38 	5.68 	5.61 	5.85 	6.19 	6.18 	6.21 	6.76 	6.28 	5.75 	6.2 	6.21 	6.02 	6.07 	6.11 e	3.27 e	: 	: 	: 
A,GDP_BEUR,AU	: 	0.81 	0.99 	1.21 	1.51 	2.18 	2.59 	3.43 	2.11 	1.38 	1.01 	1.02 	0.89 	0.97 	0.91 	1.17 	1.05 	0.99 	0.84 	1.3 	1.59 	2.13 	2.72 	2.81 	2.55 	1.72 	1.37 	1.21 	1 	0.7 	0.59 	0.65 	0.48 	0.41 	0.42 	0.41 e	: 	: 	: 	: 
A,GDP_BEUR,BE	: 	1.55 	2.86 	2.76 	3.48 	3.49 	4.04 	3.59 	3.92 	4 	3.89 	4.01 	3.29 	3.6 	3.89 	4.34 	3.91 	3.73 	4.13 	5.23 	5.05 	5.63 	5.2 	4.68 	4.97 	4.94 	5.22 	5.01 	4.84 	4.66 	4.33 	4.16 	4.26 	4.11 	4.01 	4.01 e	2.11 e	: 	: 	: 
A,GDP_BEUR,BG	: 	: 	: 	: 	: 	: 	: 	: 	: 	: 	: 	: 	0.76 	0.81 	1.16 	0.92 	0.37 	0.82 	0.61 	0.86 	0.78 	0.64 	0.53 	1.03 	0.86 	1.16 	0.86 	1 	1.02 	0.4 	0.53 	0.45 	0.47 	0.69 	0.85 	1 e	: 	: 	: 	: 
A,GDP_BEUR,BR	: 	: 	: 	: 	: 	: 	: 	: 	: 	: 	: 	: 	: 	: 	: 	: 	: 	: 	: 	: 	: 	: 	0.19 	0.28 	0.28 	0.28 	0.24 	0.19 	0.16 	0.14 	0.12 	0.11 	0.08 	0.07 	: 	: 	: 	: 	: 	: 
A,GDP_BEUR,CA	: 	0.43 	0.53 	0.71 	1.03 	1.17 	1.37 	1.51 	1.23 	1.12 	0.93 	0.96 	0.73 	0.72 	0.77 	0.98 	1.05 	1.06 	1.19 	1.68 	1.99 	2.27 	2.47 	2.68 	2.57 	1.94 	1.82 	1.72 	1.49 	1.18 	0.96 	1.2 	1.1 	0.9 	0.97 	0.93 e	0.92 e	: 	: 	: 
A,GDP_BEUR,CH	: 	: 	12.71 	12.46 	11.29 	11.56 	11.69 	11.05 	9.66 	10.67 	10.36 	10.22 	8.77 	7.94 	8.71 	7.84 	7.39 	6.81 	7.67 	8.95 	9.58 	9.72 	9.82 	9.6 	8.76 	9.44 	10.2 	10.41 	10 	9.95 	8.86 	8.58 	8.09 	6.93 	6.6 	6.68 e	3.37 e	: 	: 	: 
A,GDP_BEUR,CY	: 	: 	: 	: 	: 	: 	: 	: 	: 	: 	: 	: 	: 	: 	: 	: 	: 	: 	: 	: 	0.24 	0.45 	0.62 	1.38 	0.62 	0.43 	0.48 	1.23 	0.43 	0.65 	0.66 	0.9 	0.44 	0.31 	0.14 	0.48 e	: 	: 	: 	: 
A,GDP_BEUR,CZ	: 	: 	: 	: 	: 	: 	: 	: 	: 	: 	: 	: 	: 	0.05 	0.38 	0.62 	0.61 	0.41 	0.62 	0.84 	1.12 	1.02 	1.04 	0.99 	1.09 	1.31 	1.22 	1.03 	1.29 	1.43 	1.36 	1.24 	1.28 	1.43 	1.52 	1.68 e	0.96 e	: 	: 	: 
A,GDP_BEUR,DE	: 	4.14 	4.65 	7.38 	8.82 	11.49 	15.1 	16.7 	9.5 	7.38 	7.24 	7.87 	5.07 	7.68 	7.16 	6.83 	6.87 	6.75 	8.1 	9.19 	10.06 	10.49 	10.8 	10.44 	10.26 	10.34 	10.54 	10.82 	10.44 	10.05 	9.37 	9.87 	9.4 	8.8 	8.22 	7.83 e	3.91 e	: 	: 	: 
A,GDP_BEUR,DK	: 	2.18 	2.99 	2.94 	2.57 	2.82 	2.99 	2.88 	2.53 	2.57 	3.2 	3.2 	3.09 	3.24 	3.38 	3.58 	3.7 	3.61 	4.31 	4.25 	5.16 	5.34 	5.67 	5.18 	5.23 	5.92 	5.65 	5.76 	5.21 	5.76 	5.56 	5.38 	5.46 	6.1 	5.37 	5.45 e	2.9 e	: 	: 	: 
A,GDP_BEUR,EA18	: 	: 	: 	: 	: 	: 	: 	: 	: 	: 	: 	: 	: 	: 	: 	: 	: 	4.52 	5.07 	5.62 	5.94 	6.2 	6.21 	5.99 	5.8 	5.8 	5.86 	5.83 	5.64 	5.34 	5.08 	5.26 	5.08 	4.98 	4.85 	4.77 e	: 	: 	: 	: 
A,GDP_BEUR,EE	: 	: 	: 	: 	: 	: 	: 	: 	: 	: 	: 	: 	: 	: 	: 	: 	0.55 	1.04 	1.48 	1.34 	1.05 	1.36 	0.74 	1.31 	0.73 	1.31 	0.88 	0.57 	1.58 	1.76 	2.17 	3.22 	2.68 	1.72 	1.36 	1.5 e	0.67 e	: 	: 	: 
A,GDP_BEUR,EL	: 	: 	: 	: 	: 	: 	: 	: 	: 	: 	: 	: 	: 	: 	: 	: 	: 	0.31 	0.38 	0.48 	0.55 	0.44 	0.41 	0.49 	0.49 	0.49 	0.36 	0.57 	0.51 	0.47 	0.4 	0.4 	0.29 	0.41 	0.53 	0.57 e	: 	: 	: 	: 
A,GDP_BEUR,ES	: 	0.09 	0.27 	0.29 	0.34 	0.57 	0.39 	0.55 	0.59 	0.66 	0.68 	0.69 	0.63 	0.72 	0.63 	0.86 	0.92 	0.84 	0.88 	1.16 	1.17 	1.27 	1.27 	1.29 	1.28 	1.23 	1.45 	1.5 	1.37 	1.32 	1.33 	1.46 	1.45 	1.41 	1.48 	1.48 e	0.8 e	: 	: 	: 
A,GDP_BEUR,EU28	: 	: 	: 	: 	: 	: 	: 	: 	: 	: 	: 	: 	: 	: 	: 	: 	: 	4.41 	4.88 	5.21 	5.47 	5.69 	5.6 	5.34 	5.16 	5.22 	5.21 	5.14 	4.96 	4.7 	4.55 	4.81 	4.6 	4.52 	4.38 	4.34 e	: 	: 	: 	: 
A,GDP_BEUR,FI	: 	1.18 	2.26 	2.01 	1.68 	2.25 	2.46 	2.45 	2.89 	3.62 	3.56 	3.65 	3.88 	4.12 	6.11 	7.94 	8.06 	7.18 	8.5 	9.41 	10.19 	11.7 	10.86 	10.14 	9.01 	8.91 	9.26 	8.54 	8.15 	7.1 	6.82 	7.64 	7.79 	7.14 	8.52 	9.02 e	4.98 e	: 	: 	: 
A,GDP_BEUR,FR	: 	4.74 	4.79 	5.08 	4.96 	5.05 	4.93 	5.09 	4.96 	5.48 	5.64 	5.48 	5.01 	4.89 	4.36 	4.32 	4.33 	4.28 	4.54 	4.98 	5.16 	5.27 	5.08 	4.88 	4.83 	5.01 	5.04 	4.88 	4.73 	4.58 	4.52 	4.59 	4.38 	4.46 	4.38 	4.36 e	2.35 e	: 	: 	: 
A,GDP_BEUR,HR	: 	: 	: 	: 	: 	: 	: 	: 	: 	: 	: 	: 	: 	: 	2.4 	1.4 	0.99 	0.84 	0.57 	0.8 	0.87 	0.85 	0.67 	0.82 	1.31 	1.34 	0.97 	0.93 	0.89 	0.72 	0.61 	0.49 	0.68 	0.38 	0.45 	0.43 e	: 	: 	: 	: 
A,GDP_BEUR,HU	: 	: 	: 	: 	: 	: 	: 	: 	: 	: 	: 	: 	: 	3.13 	2.74 	1.52 	1.27 	1.61 	1.78 	1.79 	1.33 	2.49 	2.41 	1.7 	1.71 	1.8 	1.87 	1.53 	1.84 	1.92 	1.72 	2.02 	2.03 	2.24 	2.14 	2.2 e	1.17 e	: 	: 	: 
A,GDP_BEUR,IE	: 	0.7 	0.82 	0.75 	1.09 	1.43 	2.3 	2.38 	1.71 	1.59 	1.06 	1.45 	1 	1.04 	1.02 	1.13 	1.21 	1.9 	1.88 	1.82 	2.37 	2.57 	1.95 	2.14 	1.72 	1.62 	1.82 	1.69 	1.64 	1.74 	1.82 	2.13 	2.05 	2.29 	1.91 	2.01 e	0.96 e	: 	: 	: 
A,GDP_BEUR,IL	: 	: 	: 	: 	: 	: 	: 	: 	: 	: 	: 	: 	: 	: 	: 	: 	: 	2.82 	3.25 	4.98 	6.11 	6.67 	8.73 	8.29 	8.2 	7.51 	7.34 	8.1 	6.92 	5.16 	3.93 	4.03 	3.75 	3.05 	3.78 	3.32 e	3.17 e	: 	: 	: 
A,GDP_BEUR,IN	: 	: 	: 	: 	: 	: 	: 	: 	: 	: 	: 	: 	: 	: 	: 	: 	: 	: 	: 	: 	: 	: 	: 	: 	: 	: 	0.59 	0.57 	0.48 	0.38 	0.38 	0.44 	: 	: 	: 	: 	: 	: 	: 	: 
A,GDP_BEUR,IS	: 	: 	: 	0.65 	0.92 	0.43 	0.7 	0.99 	0.83 	0.27 	0.58 	0.78 	1.37 	1.86 	1.02 	1.16 	1.75 	2.08 	2.34 	2.44 	3.23 	4.39 	3.98 	2.4 	4.24 	3.17 	2.99 	2.53 	2.27 	1.66 	2.42 	2.97 	1.91 	2.25 	2.62 	2.58 e	1.36 e	: 	: 	: 
A,GDP_BEUR,IT	: 	0.67 	0.92 	1.69 	2.01 	2.66 	3.55 	4.23 	2.6 	2.08 	1.94 	2.25 	2.5 	2.37 	2.21 	2.59 	2.61 	2.86 	2.9 	2.98 	3.06 	3.29 	3.34 	3.18 	3.25 	3.28 	3.29 	3.42 	3.39 	3.17 	3.02 	2.92 	2.9 	2.79 	2.77 	2.76 e	1.44 e	: 	: 	: 
A,GDP_BEUR,JP	: 	1.13 	3.5 	3.55 	3.79 	3.9 	3.93 	3.68 	3.63 	4.51 	4.44 	4.82 	5.39 	4.16 	3.74 	3.02 	2.7 	3.09 	3.88 	4.04 	4.69 	4.57 	4.31 	4.4 	4.98 	5.82 	6.21 	6.02 	6.32 	6.73 	5.9 	5.49 	5.28 	5.13 	4.55 	5.81 e	: 	: 	: 	: 
A,GDP_BEUR,KR	: 	: 	: 	: 	0.07 	0.04 	0.22 	0.25 	0.13 	0.11 	0.13 	0.23 	0.34 	0.41 	0.44 	0.67 	0.67 	0.63 	0.6 	1.05 	2.22 	2.04 	2.45 	3.43 	4.1 	4.36 	4.73 	4.66 	4.12 	3.07 	2.73 	3.88 	3.72 	3.21 	3.72 	3.56 e	3.32 e	: 	: 	: 
A,GDP_BEUR,LI	: 	: 	: 	: 	: 	: 	: 	: 	: 	: 	: 	: 	: 	: 	: 	: 	: 	: 	: 	: 	17.82 	7.99 	8.91 	9.97 	9.04 	9.13 	8.56 	8.68 	9.9 	8.93 	10.62 	9.21 	11.42 	7.74 	6.49 	: 	: 	: 	: 	: 
A,GDP_BEUR,LT	: 	: 	: 	: 	: 	: 	: 	: 	: 	: 	: 	: 	: 	: 	: 	: 	: 	0.58 	0.23 	0.15 	0.07 	0.29 	0.38 	0.23 	0.18 	1.02 	0.61 	0.42 	0.4 	0.34 	0.52 	0.31 	0.57 	0.61 	0.99 	1.17 e	0.74 e	: 	: 	: 
A,GDP_BEUR,LU	: 	2.85 	2.79 	6.44 	8.55 	6.91 	6.82 	5.92 	4.37 	2.56 	4.21 	2.18 	4.68 	2.91 	2.3 	2.92 	1.62 	1.82 	2.55 	3.12 	4.29 	3.14 	3.66 	3.23 	2.53 	3.38 	4.19 	3.25 	3.16 	1.97 	2.5 	2.1 	1.95 	1.67 	1.57 	1.43 e	0.69 e	: 	: 	: 
A,GDP_BEUR,LV	: 	: 	: 	: 	: 	: 	: 	: 	: 	: 	: 	: 	: 	: 	: 	0.24 	: 	: 	: 	0.67 	0.76 	0.25 	1.06 	0.56 	0.7 	0.72 	0.88 	1.38 	1.03 	0.75 	1 	1.01 	0.87 	0.88 	1.22 	2.87 e	1.96 e	: 	: 	: 
A,GDP_BEUR,MT	: 	: 	: 	: 	: 	: 	: 	: 	: 	: 	: 	: 	: 	: 	: 	: 	: 	: 	: 	0.6 	1.14 	1.32 	1.03 	1.21 	0.86 	0.7 	1.28 	2.28 	1.32 	1.23 	0.92 	1.31 	0.54 	0.05 	0.8 	0.67 e	: 	: 	: 	: 
A,GDP_BEUR,MX	: 	: 	0.02 	0.01 	0.02 	0.07 	0.02 	0.01 	0.07 	0.04 	0.05 	0.05 	0.04 	0.03 	0.02 	0.02 	0.02 	0.06 	0.04 	0.08 	0.07 	0.07 	0.05 	0.07 	0.08 	0.08 	0.06 	0.08 	0.07 	0.05 	0.05 	0.05 	0.05 	0.05 	0.04 	0.04 e	: 	: 	: 	: 
A,GDP_BEUR,NL	: 	4.29 	5.15 	5.77 	6.21 	6.34 	6.5 	6.55 	6.63 	7.37 	7.72 	7.63 	6.54 	5.79 	5.64 	5.29 	5.17 	5.49 	6.46 	7.06 	7.21 	7.67 	8.3 	8.77 	7.65 	7.34 	7.47 	6.85 	6.93 	5.86 	5.81 	6.03 	5.21 	5.76 	5.66 	5.59 e	2.87 e	: 	: 	: 
A,GDP_BEUR,NO	: 	1.49 	1.12 	1.25 	1.21 	0.98 	1.52 	1.46 	1.55 	1.38 	1.78 	1.93 	1.41 	1.75 	1.99 	1.71 	1.74 	2.1 	2.15 	2.25 	2.49 	2.55 	2.2 	1.87 	1.94 	1.77 	1.9 	2.04 	1.8 	1.68 	1.46 	2.19 	1.65 	1.39 	1.34 	1.29 e	0.71 e	: 	: 	: 
A,GDP_BEUR,NZ	: 	0.62 	0.66 	0.77 	1.52 	2.37 	1.83 	2.34 	1.27 	0.73 	0.81 	0.78 	0.38 	0.9 	1.13 	1.05 	1.12 	0.83 	0.93 	1.51 	1.65 	2.32 	3.53 	3.12 	3.09 	2.32 	1.54 	1.18 	1.32 	0.93 	0.86 	0.91 	0.83 	0.74 	: 	: 	: 	: 	: 	: 
A,GDP_BEUR,PL	: 	: 	: 	: 	: 	: 	: 	: 	: 	: 	: 	: 	0.23 	0.18 	0.11 	0.16 	0.15 	0.14 	0.22 	0.2 	0.19 	0.23 	0.23 	0.28 	0.4 	0.57 	0.61 	0.52 	0.52 	0.65 	0.64 	0.94 	1.02 	1.04 	1.27 	1.4 e	0.81 e	: 	: 	: 
A,GDP_BEUR,PT	: 	0.03 	0.07 	0.07 	0.11 	0.08 	0.22 	0.28 	0.17 	0.21 	0.13 	0.09 	0.08 	0.09 	0.08 	0.16 	0.12 	0.16 	0.2 	0.22 	0.24 	0.31 	0.33 	0.32 	0.28 	0.47 	0.39 	0.8 	0.66 	0.73 	0.68 	0.55 	0.55 	0.71 	0.68 	0.72 e	0.4 e	: 	: 	: 
A,GDP_BEUR,RO	: 	: 	: 	: 	: 	: 	: 	: 	: 	: 	: 	: 	: 	0.25 	0.06 	0.23 	0.32 	0.26 	0.1 	0.26 	0.14 	0.23 	0.15 	0.23 	0.23 	0.31 	0.38 	0.36 	0.21 	0.26 	0.24 	0.26 	0.28 	0.46 	0.54 	0.6 e	: 	: 	: 	: 
A,GDP_BEUR,RU	: 	: 	: 	: 	: 	: 	: 	: 	: 	: 	: 	: 	: 	: 	: 	0.64 	0.42 	0.34 	0.34 	0.37 	0.7 	1.04 	0.95 	0.89 	0.57 	0.47 	0.33 	0.32 	0.22 	0.14 	0.1 	0.15 	0.17 	0.14 	0.14 	0.14 e	0.16 e	: 	: 	: 
A,GDP_BEUR,SE	: 	5.24 	6.02 	6.29 	7.39 	7.6 	6.88 	6.75 	5.99 	6.04 	5.24 	5.04 	4.79 	4.38 	5.1 	6.56 	7.33 	7.85 	8.36 	9.25 	9.19 	9.11 	8.63 	8.48 	7.75 	7.37 	7.7 	8.19 	8.29 	8.43 	8.37 	8.98 	8.05 	7.34 	7.57 	7.7 e	4.31 e	: 	: 	: 
A,GDP_BEUR,SI	: 	: 	: 	: 	: 	: 	: 	: 	: 	: 	: 	: 	: 	0.35 	1.37 	1.95 	1.66 	1.5 	1.1 	1.1 	2.01 	1.5 	2.28 	2.23 	3.39 	2.84 	4.11 	3.77 	3.23 	3.47 	3.73 	3.48 	2.99 	3.1 	3.59 	3.63 e	1.99 e	: 	: 	: 
A,GDP_BEUR,SK	: 	: 	: 	: 	: 	: 	: 	: 	: 	: 	: 	: 	: 	: 	: 	: 	0.54 	0.46 	0.5 	0.67 	0.57 	0.8 	0.51 	0.52 	0.99 	1.06 	0.61 	0.81 	0.91 	0.71 	0.57 	0.46 	0.71 	0.79 	0.63 	0.69 e	0.37 e	: 	: 	: 
A,GDP_BEUR,TR	: 	: 	: 	: 	0.02 	0.03 	0.04 	0.03 	0.04 	0.02 	0.03 	0.04 	0.03 	0.03 	0 	0.02 	0.03 	0.04 	0.1 	0.1 	0.13 	0.09 	0.16 	0.23 	0.27 	0.31 	0.38 	0.43 	0.45 	0.51 	0.52 	0.78 	0.88 	0.7 	0.73 	0.78 e	0.44 e	: 	: 	: 
A,GDP_BEUR,UK	: 	5.39 	5.32 	5.24 	5.18 	5.48 	5.24 	5.23 	6.07 	5.81 	5.54 	4.92 	4.43 	4.01 	4.01 	4.09 	4.03 	4.23 	4.31 	3.76 	3.94 	4.07 	3.76 	3.43 	3.28 	3.42 	3.15 	3.04 	2.93 	2.7 	2.94 	3.42 	3.09 	3.07 	2.8 	2.83 e	: 	: 	: 	: 
A,GDP_BEUR,US	1.72 	2.61 	3.13 	2.61 	2.67 	2.5 	2.08 	2.04 	2.61 	3.21 	3.41 	3.2 	3.7 	3.47 	3.51 	3.13 	3.18 	3.74 	3.66 	3.45 	3.54 	3.42 	2.88 	2.68 	2.87 	3.37 	3.65 	3.58 	3.2 	3.09 	3.1 	2.94 	2.7 	2.91 	2.71 	2.8 e	: 	: 	: 	: 
A,GDP_BEUR,ZA	: 	0.41 	0.43 	0.71 	0.76 	1.07 	1.2 	1.58 	1.41 	0.7 	0.78 	0.79 	0.4 	0.41 	0.68 	0.6 	0.46 	0.39 	0.44 	0.8 	0.96 	0.96 	1.17 	1.11 	1.21 	0.75 	0.52 	0.43 	0.47 	0.33 	0.34 	0.29 	0.25 	0.22 	0.25 	0.27 e	0.28 e	: 	: 	: 
A,MIO_PPS,AT	: 	: 	: 	: 	: 	: 	: 	: 	: 	: 	: 	: 	: 	: 	: 	: 	: 	0 	0 	0.01 	0.01 	0.01 	0.01 	0.01 	0.01 	0.01 	0.01 	0.01 	0.01 	0.01 	0.01 	0.01 	0.01 	0.01 	0.01 	0.01 e	: 	: 	: 	: 
A,MIO_PPS,BE	: 	: 	: 	: 	: 	: 	: 	: 	: 	: 	: 	: 	: 	: 	: 	: 	: 	0 	0 	0.01 	0.01 	0.01 	0.01 	0 	0.01 	0.01 	0.01 	0.01 	0.01 	0.01 	0 	0 	0 	0 	0 	0 e	: 	: 	: 	: 
A,MIO_PPS,BG	: 	: 	: 	: 	: 	: 	: 	: 	: 	: 	: 	: 	: 	: 	: 	: 	: 	0 	0 	0 	0 	0 	0 	0 	0 	0 	0 	0 	0 	0 	0 	0 	0 	0 	0 	0 e	: 	: 	: 	: 
A,MIO_PPS,CH	: 	: 	: 	: 	: 	: 	: 	: 	: 	: 	: 	: 	: 	: 	: 	: 	: 	0.01 	0.01 	0.01 	0.01 	0.01 	0.01 	0.01 	0.01 	0.01 	0.01 	0.01 	0.01 	0.01 	0.01 	0.01 	0.01 	0.01 	0.01 	0.01 e	: 	: 	: 	: 
A,MIO_PPS,CY	: 	: 	: 	: 	: 	: 	: 	: 	: 	: 	: 	: 	: 	: 	: 	: 	: 	: 	: 	: 	0 	0 	0 	0 	0 	0 	0 	0 	0 	0 	0 	0 	0 	0 	0 	0 e	: 	: 	: 	: 
A,MIO_PPS,CZ	: 	: 	: 	: 	: 	: 	: 	: 	: 	: 	: 	: 	: 	: 	: 	: 	: 	0 	0 	0 	0 	0 	0 	0 	0 	0 	0 	0 	0 	0 	0 	0 	0 	0 	0 	0 e	: 	: 	: 	: 
A,MIO_PPS,DE	: 	: 	: 	: 	: 	: 	: 	: 	: 	: 	: 	: 	: 	: 	: 	: 	: 	0.01 	0.01 	0.01 	0.01 	0.01 	0.01 	0.01 	0.01 	0.01 	0.01 	0.01 	0.01 	0.01 	0.01 	0.01 	0.01 	0.01 	0.01 	0.01 e	: 	: 	: 	: 
A,MIO_PPS,DK	: 	: 	: 	: 	: 	: 	: 	: 	: 	: 	: 	: 	: 	: 	: 	: 	: 	0 	0.01 	0.01 	0.01 	0.01 	0.01 	0.01 	0.01 	0.01 	0.01 	0.01 	0.01 	0.01 	0.01 	0.01 	0.01 	0.01 	0.01 	0.01 e	: 	: 	: 	: 
A,MIO_PPS,EA18	: 	: 	: 	: 	: 	: 	: 	: 	: 	: 	: 	: 	: 	: 	: 	: 	: 	0 	0.01 	0.01 	0.01 	0.01 	0.01 	0.01 	0.01 	0.01 	0.01 	0.01 	0.01 	0.01 	0.01 	0.01 	0.01 	0.01 	0 	0 e	: 	: 	: 	: 
A,MIO_PPS,EE	: 	: 	: 	: 	: 	: 	: 	: 	: 	: 	: 	: 	: 	: 	: 	: 	: 	0 	0 	0 	0 	0 	0 	0 	0 	0 	0 	0 	0 	0 	0 	0 	0 	0 	0 	0 e	: 	: 	: 	: 
A,MIO_PPS,EL	: 	: 	: 	: 	: 	: 	: 	: 	: 	: 	: 	: 	: 	: 	: 	: 	: 	0 	0 	0 	0 	0 	0 	0 	0 	0 	0 	0 	0 	0 	0 	0 	0 	0 	0 	0 e	: 	: 	: 	: 
A,MIO_PPS,ES	: 	: 	: 	: 	: 	: 	: 	: 	: 	: 	: 	: 	: 	: 	: 	: 	: 	0 	0 	0 	0 	0 	0 	0 	0 	0 	0 	0 	0 	0 	0 	0 	0 	0 	0 	0 e	: 	: 	: 	: 
A,MIO_PPS,EU28	: 	: 	: 	: 	: 	: 	: 	: 	: 	: 	: 	: 	: 	: 	: 	: 	: 	0 	0 	0.01 	0.01 	0.01 	0.01 	0.01 	0.01 	0.01 	0.01 	0.01 	0 	0 	0 	0 	0 	0 	0 	0 e	: 	: 	: 	: 
A,MIO_PPS,FI	: 	: 	: 	: 	: 	: 	: 	: 	: 	: 	: 	: 	: 	: 	: 	: 	: 	0.01 	0.01 	0.01 	0.01 	0.01 	0.01 	0.01 	0.01 	0.01 	0.01 	0.01 	0.01 	0.01 	0.01 	0.01 	0.01 	0.01 	0.01 	0.01 e	: 	: 	: 	: 
A,MIO_PPS,FR	: 	: 	: 	: 	: 	: 	: 	: 	: 	: 	: 	: 	: 	: 	: 	: 	: 	0.01 	0.01 	0.01 	0.01 	0.01 	0.01 	0.01 	0.01 	0.01 	0.01 	0.01 	0.01 	0.01 	0.01 	0.01 	0 	0.01 	0 	0 e	: 	: 	: 	: 
A,MIO_PPS,HR	: 	: 	: 	: 	: 	: 	: 	: 	: 	: 	: 	: 	: 	: 	: 	: 	: 	0 	0 	0 	0 	0 	0 	0 	0 	0 	0 	0 	0 	0 	0 	0 	0 	0 	0 	0 e	: 	: 	: 	: 
A,MIO_PPS,HU	: 	: 	: 	: 	: 	: 	: 	: 	: 	: 	: 	: 	: 	: 	: 	: 	: 	0 	0 	0 	0 	0 	0 	0 	0 	0 	0 	0 	0 	0 	0 	0 	0 	0 	0 	0 e	: 	: 	: 	: 
A,MIO_PPS,IE	: 	: 	: 	: 	: 	: 	: 	: 	: 	: 	: 	: 	: 	: 	: 	: 	: 	0 	0 	0 	0 	0 	0 	0 	0 	0 	0 	0 	0 	0 	0 	0 	0 	0 	0 	0 e	: 	: 	: 	: 
A,MIO_PPS,IS	: 	: 	: 	: 	: 	: 	: 	: 	: 	: 	: 	: 	: 	: 	: 	: 	: 	0 	0 	0 	0 	0.01 	0.01 	0 	0.01 	0 	0 	0 	0 	0 	0 	0 	0 	0 	0 	0 e	: 	: 	: 	: 
A,MIO_PPS,IT	: 	: 	: 	: 	: 	: 	: 	: 	: 	: 	: 	: 	: 	: 	: 	: 	: 	0 	0 	0 	0 	0 	0 	0 	0 	0 	0 	0 	0 	0 	0 	0 	0 	0 	0 	0 e	: 	: 	: 	: 
A,MIO_PPS,JP	: 	: 	: 	: 	: 	: 	: 	: 	: 	: 	: 	: 	: 	: 	: 	: 	: 	0.01 	0.01 	0.01 	0.01 	0.01 	0.01 	0.01 	0.01 	0.01 	0.01 	0.01 	0.01 	0.01 	0.01 	0.01 	0.01 	0.01 	0.01 	0.01 e	: 	: 	: 	: 
A,MIO_PPS,LT	: 	: 	: 	: 	: 	: 	: 	: 	: 	: 	: 	: 	: 	: 	: 	: 	: 	0 	0 	0 	0 	0 	0 	0 	0 	0 	0 	0 	0 	0 	0 	0 	0 	0 	0 	0 e	: 	: 	: 	: 
A,MIO_PPS,LU	: 	: 	: 	: 	: 	: 	: 	: 	: 	: 	: 	: 	: 	: 	: 	: 	: 	0 	0 	0 	0 	0 	0 	0 	0 	0 	0 	0 	0 	0 	0 	0 	0 	0 	0 	0 e	: 	: 	: 	: 
A,MIO_PPS,LV	: 	: 	: 	: 	: 	: 	: 	: 	: 	: 	: 	: 	: 	: 	: 	: 	: 	: 	: 	0 	0 	0 	0 	0 	0 	0 	0 	0 	0 	0 	0 	0 	0 	0 	0 	0 e	: 	: 	: 	: 
A,MIO_PPS,MT	: 	: 	: 	: 	: 	: 	: 	: 	: 	: 	: 	: 	: 	: 	: 	: 	: 	: 	: 	0 	0 	0 	0 	0 	0 	0 	0 	0 	0 	0 	0 	0 	0 	0 	0 	0 e	: 	: 	: 	: 
A,MIO_PPS,NL	: 	: 	: 	: 	: 	: 	: 	: 	: 	: 	: 	: 	: 	: 	: 	: 	: 	0.01 	0.01 	0.01 	0.01 	0.01 	0.01 	0.01 	0.01 	0.01 	0.01 	0.01 	0.01 	0.01 	0.01 	0.01 	0.01 	0.01 	0.01 	0.01 e	: 	: 	: 	: 
A,MIO_PPS,NO	: 	: 	: 	: 	: 	: 	: 	: 	: 	: 	: 	: 	: 	: 	: 	: 	: 	0 	0 	0 	0 	0 	0 	0 	0 	0 	0 	0 	0 	0 	0 	0 	0 	0 	0 	0 e	: 	: 	: 	: 
A,MIO_PPS,PL	: 	: 	: 	: 	: 	: 	: 	: 	: 	: 	: 	: 	: 	: 	: 	: 	: 	0 	0 	0 	0 	0 	0 	0 	0 	0 	0 	0 	0 	0 	0 	0 	0 	0 	0 	0 e	: 	: 	: 	: 
A,MIO_PPS,PT	: 	: 	: 	: 	: 	: 	: 	: 	: 	: 	: 	: 	: 	: 	: 	: 	: 	0 	0 	0 	0 	0 	0 	0 	0 	0 	0 	0 	0 	0 	0 	0 	0 	0 	0 	0 e	: 	: 	: 	: 
A,MIO_PPS,RO	: 	: 	: 	: 	: 	: 	: 	: 	: 	: 	: 	: 	: 	: 	: 	: 	: 	0 	0 	0 	0 	0 	0 	0 	0 	0 	0 	0 	0 	0 	0 	0 	0 	0 	0 	0 e	: 	: 	: 	: 
A,MIO_PPS,SE	: 	: 	: 	: 	: 	: 	: 	: 	: 	: 	: 	: 	: 	: 	: 	: 	: 	0.01 	0.01 	0.01 	0.01 	0.01 	0.01 	0.01 	0.01 	0.01 	0.01 	0.01 	0.01 	0.01 	0.01 	0.01 	0.01 	0.01 	0.01 	0.01 e	: 	: 	: 	: 
A,MIO_PPS,SI	: 	: 	: 	: 	: 	: 	: 	: 	: 	: 	: 	: 	: 	: 	: 	: 	: 	0 	0 	0 	0 	0 	0 	0 	0 	0 	0 	0 	0 	0 	0 	0 	0 	0 	0 	0 e	: 	: 	: 	: 
A,MIO_PPS,SK	: 	: 	: 	: 	: 	: 	: 	: 	: 	: 	: 	: 	: 	: 	: 	: 	: 	0 	0 	0 	0 	0 	0 	0 	0 	0 	0 	0 	0 	0 	0 	0 	0 	0 	0 	0 e	: 	: 	: 	: 
A,MIO_PPS,TR	: 	: 	: 	: 	: 	: 	: 	: 	: 	: 	: 	: 	: 	: 	: 	: 	: 	0 	0 	0 	0 	0 	0 	0 	0 	0 	0 	0 	0 	0 	0 	0 	0 	0 	0 	0 e	: 	: 	: 	: 
A,MIO_PPS,UK	: 	: 	: 	: 	: 	: 	: 	: 	: 	: 	: 	: 	: 	: 	: 	: 	: 	0 	0 	0 	0 	0 	0 	0 	0 	0 	0 	0 	0 	0 	0 	0 	0 	0 	0 	0 e	: 	: 	: 	: 
A,MIO_PPS,US	0 	0 	0 	0 	0 	0 	0 	0 	0 	0 	0 	0 	0 	0 	0 	0 	0 	0 	0 	0 	0 	0 	0 	0 	0 	0 	0 	0 	0 	0 	0 	0 	0 	0 	0 	0 e	: 	: 	: 	: 
A,NR,AT	: 	265.25 	263.47 	307.08 	374 	395.82 	509.51 	575.08 	529.84 	608.3 	649.47 	665.37 	641.38 	654.95 	614.98 	655.15 	675.61 	671.1 	761.01 	966.54 	954.23 	1072.29 	1183.2 	1202.37 	1291.16 	1392.31 	1449.57 	1523.82 	1750.34 	1721.99 	1626.17 	1711.29 	1770.51 	1800.32 	1862.96 	1913.52 e	1961.19 e	2001.61 be	2025.15 e	2029.62 e
A,NR,AU	: 	167.25 	239.33 	273.3 	284.33 	372.34 	420.72 	475.67 	397.18 	360.64 	343.68 	358.32 	365.47 	396.86 	386.22 	433.4 	451.7 	505.68 	467.19 	643.12 	694.45 	968.84 	1028.04 	980.87 	1048.99 	1084.99 	1155.87 	1150 	1024.03 	942.63 	920.06 	916.28 	822.01 	871.52 	856.17 	836.13 e	840.84 e	: 	: 	: 
A,NR,BE	: 	247.77 	250.78 	249.67 	314.57 	328.78 	410.87 	392.86 	461.23 	497.23 	513.08 	574.15 	511.6 	588.75 	677.39 	800.07 	776.71 	812.36 	898.01 	1152.93 	1154.17 	1344.4 	1312.92 	1215.1 	1334.82 	1363.15 	1519.57 	1519.14 	1542.08 	1564.96 	1501.39 	1418.15 	1515.06 	1516.51 	1506.64 	1536.14 e	1543.17 e	1569.72 be	1589.1 e	1655.44 e
A,NR,BG	: 	: 	: 	: 	12 	16 	19.33 	20.35 	10.25 	20.97 	16.5 	11.4 	7.65 	3.25 	4.58 	8.47 	3 	8.17 	4.33 	7.73 	9.1 	8.01 	7.43 	15.98 	14.63 	21.28 	17.63 	23.32 	27.13 	12.17 	18.65 	15.83 	16.97 	26.38 	33.82 	39.82 e	47.44 e	31.88 be	31.06 e	29.33 e
A,NR,BR	: 	13.73 	10.62 	19.92 	16.65 	15.82 	16.94 	31.42 	11.48 	18.62 	20.27 	19.32 	41.7 	30.58 	48.01 	49.43 	37.91 	57.37 	51.96 	87.2 	78.14 	124.12 	116.06 	140.93 	133.97 	176.66 	196 	207.16 	225.92 	270.47 	287.77 	259.31 	226.5 	251.56 	254.18 	252.47 e	261.13 e	: 	: 	: 
A,NR,CA	: 	143.77 	203.01 	241.64 	316.28 	355.68 	383.39 	419.34 	453.52 	555 	557.28 	599.15 	546.87 	544.42 	590.76 	662.51 	722.53 	836.54 	948.18 	1238.67 	1410.22 	1633.56 	1690.14 	1759.83 	1829.83 	1951.42 	2304.58 	2489.03 	2447.18 	2358 	2167.34 	2292.88 	2354.9 	2233.28 	2283.03 	2279.75 e	2254.7 e	: 	: 	: 
A,NR,CH	: 	887.58 	1029.75 	1153.47 	1218.65 	1367.52 	1493.57 	1490.98 	1441.68 	1693.67 	1735.65 	1775.03 	1686.76 	1585.49 	1732.3 	1673.8 	1725.91 	1688.49 	1887.76 	2151.9 	2388.74 	2497.14 	2725.69 	2816.04 	2668.29 	2795.38 	3075.89 	3220.65 	3228.82 	3274.48 	3167.75 	3149.01 	3356.34 	3289.59 	3241.89 	3272.85 e	3245.02 e	: 	: 	: 
A,NR,CN_X_HK	: 	: 	: 	: 	1 	5 	4.97 	49.5 	18.54 	21.75 	32.45 	15.27 	29.09 	28.63 	30.98 	30.16 	39.2 	52.66 	68.97 	95.66 	116.08 	187.1 	323.91 	411.84 	576.31 	825.57 	992.25 	1673.04 	1885.17 	2441.92 	2733 	3994.85 	4281.83 	4651.32 	6018.74 	6693.37 e	7497.22 e	: 	: 	: 
A,NR,CY	: 	: 	: 	: 	: 	: 	: 	: 	: 	: 	: 	: 	: 	2 	2.5 	1 	4 	: 	: 	: 	2 	4.11 	6.2 	14.78 	6.92 	5.03 	6 	16.79 	6.33 	10.33 	11.25 	15.23 	7.67 	5.63 	2.5 	7.94 e	8.03 e	8.76 be	9.32 e	9.08 e
A,NR,CZ	: 	: 	: 	: 	: 	: 	: 	: 	: 	: 	: 	: 	: 	2 	17.08 	20.69 	23.75 	18.01 	31.74 	44.13 	64.25 	59.65 	66.58 	71.32 	91.13 	110.91 	112.21 	107.59 	152.93 	189.28 	209.64 	176.14 	192.59 	222.84 	231.97 	250.58 e	269.91 e	295.4 be	318.67 e	357.38 e
A,NR,DE	: 	4985.92 	6127.49 	6570.39 	6687.04 	7855.05 	8605.35 	9297.57 	9744.48 	11014.86 	11944.09 	12091.88 	11390.47 	11246.91 	11420.26 	11705.8 	12447.84 	13016.52 	15561.99 	17506.06 	19578.13 	20988.9 	22115.65 	21938.82 	21876.86 	22215.53 	23134.64 	24065.28 	24149.14 	24396.57 	23173.05 	23439.61 	23443.84 	22963.17 	21930.26 	21427.14 e	20754.91 e	21030.44 be	20138.13 e	18881.7 e
A,NR,DK	: 	110.1 	150.02 	159.65 	154.64 	187.57 	219.05 	232.81 	222.61 	238.93 	306.82 	320.15 	330.89 	358.61 	392.8 	430.35 	479.73 	501.86 	625.76 	639.19 	801 	872.22 	983.61 	929.02 	966.11 	1116.14 	1113.67 	1193.59 	1140.05 	1310.81 	1306.68 	1202.07 	1289.44 	1466.53 	1318.17 	1356.87 e	1379.35 e	1362.08 be	1372.4 e	1417.73 e
A,NR,EA18	: 	8582.62 	10486.06 	11703.86 	12289.23 	14064.75 	15448.3 	16920 	17915.86 	20429.95 	22139.91 	23042.27 	22031.66 	22016.63 	21976.43 	22842 	24037.64 	25208.75 	29437.91 	33392.46 	36687.94 	39985.94 	42177.53 	42470.09 	42595.2 	43795.19 	46133.73 	47540.74 	48423.53 	48308.87 	47051.01 	46986.05 	46655.62 	46985.04 	46130.39 	45845.17 e	45575.02 e	46010.73 be	44850.64 e	43549.64 e
A,NR,EA19	: 	8582.62 	10486.06 	11703.86 	12289.23 	14064.75 	15448.3 	16920 	17915.86 	20429.95 	22139.91 	23042.27 	22031.66 	22016.63 	21976.43 	22843 	24038.74 	25211.75 	29439.41 	33393.79 	36688.61 	39988.94 	42182.22 	42473.24 	42597.85 	43812.04 	46144.85 	47549.54 	48433.2 	48318.66 	47067.88 	46994.36 	46671.52 	47003.89 	46162.94 	45885.8 e	45623.89 e	46035.23 be	44869.78 e	43571.2 e
A,NR,EE	: 	: 	: 	: 	: 	: 	: 	: 	: 	: 	: 	: 	: 	: 	: 	: 	1.13 	3 	5.5 	6 	5.23 	7.28 	4.58 	9.17 	5.7 	11.4 	8.52 	6.37 	21.22 	28.22 	35.27 	44.95 	38.93 	27.9 	23.68 	27.91 e	24.24 e	38.32 be	33.01 e	36.31 e
A,NR,EL	: 	4.17 	6.53 	8.53 	8.33 	8.67 	13.58 	6.83 	14.27 	16 	19.63 	23.33 	25.5 	23.58 	35.9 	16.67 	30.55 	27.95 	36.98 	51.85 	59.94 	51.72 	56.37 	71.1 	76.95 	85.15 	66.28 	110.57 	105.88 	103.77 	94.1 	92.45 	65.5 	85.25 	101.56 	104.6 e	117.63 e	97.2 be	92.14 e	90.25 e
A,NR,ES	: 	25.92 	42.17 	49.58 	65.2 	103.67 	81.7 	124.83 	144.76 	173.79 	205.3 	245.35 	252.61 	320.37 	289.95 	365.77 	390.67 	385.14 	434.05 	584.58 	625.75 	733.92 	803.12 	878.07 	935.07 	962.82 	1217.4 	1363.63 	1351.62 	1388.27 	1443.53 	1532.81 	1511.17 	1480.28 	1517.85 	1512.86 e	1513.42 e	1628.73 be	1641.48 e	1654.56 e
A,NR,EU27_2020	: 	9187.09 	11332.4 	12697.7 	13414.8 	15275.6 	16736.2 	18271.5 	19141.6 	21737.1 	23455.7 	24430.4 	23401 	23380 	23505.7 	24498 	25947.9 	27336.7 	31995.9 	36234.3 	39695 	43256.5 	45674.1 	45760.2 	45897.2 	47305.6 	49854.6 	51536.8 	52599.8 	52947.1 	51658.3 	51367.4 	51416.4 	52010.9 	51382.7 	51387.8 e	51378.3 e	51545.3 be	50440.8 e	49211.8 e
A,NR,EU28	: 	10847.7 	13403.35 	15129.17 	16011.83 	18145.64 	19662.94 	21481.82 	22658.43 	25278.03 	27461.46 	28287.54 	26963.31 	26834.83 	26935.1 	27987.19 	29615.86 	31153.96 	36214.4 	40824.83 	44892.54 	49052.83 	51757.05 	51444.67 	51540.89 	52980.05 	55479.68 	57208.93 	58407.51 	58578.25 	57049.74 	56815.26 	56769.59 	57445.66 	56771.67 	56757.14 e	56752.99 e	57237.39 be	55984.19 e	54648.82 e
A,NR,FI	: 	38 	86.25 	93.7 	89.88 	127.08 	162.98 	177.63 	213 	282.72 	322.54 	387.31 	424.35 	417.55 	519.6 	591.87 	684.54 	718.65 	859.84 	1021.67 	1180.94 	1431.4 	1435.21 	1411.71 	1293.67 	1295.99 	1409.82 	1343.79 	1351.24 	1276.95 	1266.23 	1316.14 	1392.06 	1347.18 	1637.88 	1745.13 e	1862.82 e	1384.73 be	1314.93 e	1296.99 e
A,NR,FR	: 	2094.04 	2379.04 	2768.67 	2912.15 	3129.67 	3274.15 	3657.84 	3831.29 	4360.19 	4780.09 	5013.73 	4905.87 	4922.52 	4629.6 	4784.36 	4995.24 	5142.6 	5628.04 	6253.23 	6776.58 	7210.83 	7314.08 	7303.73 	7450.67 	7957.81 	8349.82 	8390.24 	8508.92 	8644.54 	8737.57 	8662.87 	8489.76 	8923.92 	8895.33 	8972.82 e	9133.84 e	9601.54 be	9555.39 e	9502.67 e
A,NR,HK	: 	: 	2.33 	6.5 	6.5 	6 	10.5 	17.42 	23.97 	26.88 	34.33 	27.53 	29.98 	30.53 	31.9 	41.78 	34.33 	43.11 	31.97 	19.87 	51.04 	29.78 	44.88 	33.87 	41.86 	44.66 	52 	63.4 	57.01 	79.93 	27.18 	21.8 	27.75 	22.65 	21.84 	63.24 e	75.07 e	: 	: 	: 
A,NR,HR	: 	: 	: 	: 	: 	: 	: 	: 	: 	: 	: 	: 	: 	: 	7.17 	12.33 	12.33 	14.25 	10.5 	16.59 	19.5 	18.37 	15.53 	21.02 	36.83 	40.53 	32.07 	33.38 	35.52 	31.21 	28.88 	22.01 	30.32 	16.97 	19.38 	18.5 e	14.56 e	17.91 be	21.06 e	19.94 e
A,NR,HU	: 	39.9 	82 	119.58 	117.25 	123.22 	120.55 	113.48 	91.78 	114.03 	96.87 	93.51 	71.37 	55.07 	46.65 	50.16 	44.3 	55.96 	64.49 	73.34 	56.91 	112.9 	121.48 	100.26 	120.45 	133.23 	153.43 	135.63 	164.96 	191.11 	181.21 	184.39 	195.47 	221.58 	207.79 	215.59 e	222.3 e	205.23 be	201.27 e	196.77 e
A,NR,IE	: 	17.5 	24.75 	17.29 	23 	26.5 	36.5 	38.75 	48.32 	62.4 	47.5 	62.93 	62.69 	64.1 	73.96 	69.73 	82.41 	98.8 	110.11 	130.39 	186.48 	232.73 	206.31 	251.8 	225.37 	227.57 	273.2 	274.82 	291.63 	329.38 	328.36 	346.31 	324.1 	371.88 	313.21 	329.13 e	330.81 e	382.11 be	361.89 e	371.46 e
A,NR,IL	: 	29.31 	28.83 	37.75 	63.02 	97.33 	99.03 	110.98 	153.65 	151.62 	167.79 	215.71 	209.35 	237 	277.15 	303.65 	355.52 	368.47 	453.66 	646.83 	793.64 	833.41 	1067.55 	971.26 	939.27 	1077.09 	1236.94 	1439.82 	1343.33 	1269.28 	1252.96 	1170.71 	1165.11 	1112.8 	1260.29 	1290.15 e	1331.83 e	: 	: 	: 
A,NR,IN	: 	: 	12.58 	8.16 	2.98 	9.71 	12.78 	12.99 	15.63 	10.81 	22.69 	24.62 	24.93 	17.39 	24.01 	25.7 	19.38 	31.02 	53.45 	67.15 	118.03 	145.1 	180.99 	277.96 	451.77 	515.14 	524.43 	588.83 	569.98 	625.18 	708.37 	824.2 	983.24 	1107.32 	1132.24 	1234.92 e	1318.81 e	: 	: 	: 
A,NR,IS	: 	: 	: 	2 	3 	1.33 	2.5 	3.83 	3.33 	1.25 	2.95 	3.95 	6.87 	10.25 	5.5 	6.08 	9.25 	11.17 	13.5 	15.96 	23.84 	35.95 	37.53 	21.18 	40.14 	30.82 	31.95 	33.19 	30.17 	24.8 	24.95 	25.8 	18.12 	22.71 	27.75 	28.4 e	: 	: 	: 	: 
A,NR,IT	: 	358.67 	607.37 	809.05 	840.18 	1044.92 	1223.01 	1456.21 	1636.44 	1933.16 	2034.89 	2293.6 	2241.81 	2306.58 	2169.78 	2267.48 	2331.74 	2478.19 	2889.85 	3153.43 	3346.98 	3734.84 	4006.51 	3987.3 	4229.12 	4396.2 	4596.36 	4911.5 	5068.83 	4927.31 	4753 	4430.63 	4500.8 	4414.55 	4333.62 	4301.28 e	4234.77 e	4369.99 be	4242.17 e	4148 e
A,NR,JP	: 	1602.1 	2699.31 	3780.41 	4265.6 	5261.88 	6371.86 	6637.76 	7489.88 	9597.4 	11168.06 	13021.33 	12998.92 	11727.12 	10960.78 	11219.09 	11022.99 	12607.8 	14387.11 	15436.52 	16402.32 	19030.18 	22102.27 	20452.14 	21074.44 	22185.36 	23257.37 	22165.79 	21928.11 	21418.99 	19413.68 	19835.17 	21925.04 	21781.35 	21096.01 	21516.29 e	21380.04 e	: 	: 	: 
A,NR,KR	: 	: 	: 	: 	5 	3.33 	17 	19.01 	14.83 	18.25 	31.17 	61.4 	120.78 	165.74 	199.53 	301.49 	363.43 	459.7 	458.3 	663.42 	929.85 	1056.89 	1270.82 	1638.33 	2362.33 	3356.29 	4499.33 	5203.67 	5236.22 	4719.17 	4028.03 	4886.97 	5400.46 	5364.84 	5847.13 	6167.18 e	6422.75 e	: 	: 	: 
A,NR,LI	: 	: 	9 	9.83 	12.5 	11.83 	12.42 	17.15 	25.42 	14.75 	19.27 	24 	22.25 	24.33 	12.75 	17.28 	22.87 	13.52 	28.84 	19.17 	39.5 	19.98 	23.98 	27.75 	25.82 	24.82 	23.81 	25.54 	31.57 	30.03 	36.81 	29.88 	43.87 	32.37 	27.7 	55.75 e	59.71 e	: 	: 	: 
A,NR,LT	: 	: 	: 	: 	: 	: 	: 	: 	: 	: 	: 	: 	: 	: 	: 	: 	: 	3 	1.5 	1.33 	0.67 	3 	4.69 	3.15 	2.66 	16.85 	11.12 	8.8 	9.67 	9.8 	16.87 	8.31 	15.9 	18.85 	32.56 	40.64 e	48.89 e	24.5 be	19.15 e	21.57 e
A,NR,LU	: 	22.56 	24.46 	37.97 	40.33 	29.08 	24.97 	31.05 	25.83 	16.04 	29.1 	17.27 	40.83 	28.22 	23.97 	34.46 	21.01 	28.78 	41.38 	50.94 	74.23 	62.48 	80.45 	72.98 	60.59 	87.17 	115.01 	98.41 	107.04 	73.78 	93.57 	74.63 	76.71 	69.8 	67.41 	65 e	61.1 e	65.37 be	61.46 e	55.49 e
A,NR,LV	: 	: 	: 	: 	: 	: 	: 	: 	: 	: 	: 	: 	: 	: 	: 	0.5 	: 	: 	: 	3.7 	4.67 	1.7 	8.98 	5.13 	6.83 	7.11 	9.82 	17.82 	16.43 	15.67 	22.78 	18.66 	15.78 	17.88 	27.12 	67.17 e	: 	26.17 be	21.64 e	22.26 e
A,NR,MT	: 	: 	: 	: 	: 	: 	: 	: 	: 	: 	: 	: 	: 	: 	: 	1 	: 	: 	: 	2 	4 	5 	4.5 	5.45 	4 	3.25 	6 	11.25 	6.85 	6.83 	5.5 	7.8 	3.5 	0.33 	5.5 	4.87 e	: 	7.43 be	6.65 e	6.63 e
A,NR,MX	: 	: 	7.5 	3.87 	3.5 	10.5 	2.83 	1.29 	10.42 	7.7 	11.32 	12.93 	14.17 	12.93 	10.49 	12.53 	13.32 	24.44 	20.76 	42.37 	36.57 	41.32 	29.21 	45.27 	54.22 	67.15 	59.58 	85.23 	82 	76.43 	73.18 	61.45 	64.56 	76.49 	68.22 	70.48 e	72.45 e	: 	: 	: 
A,NR,NL	: 	520.83 	670.75 	789.43 	931.35 	1013.02 	1101.26 	1154.65 	1258.57 	1451.74 	1584.82 	1657.59 	1517.78 	1422.2 	1466.85 	1480.17 	1531.35 	1759.85 	2128.28 	2407.31 	2593.2 	2960.69 	3470.54 	3925.52 	3557.8 	3502.23 	3668.51 	3517.16 	3745.79 	3348.21 	3456.76 	3454.04 	3059.78 	3449.61 	3389.47 	3367.95 e	3470.67 e	3500.2 be	3452.44 e	3477.55 e
A,NR,NO	: 	57.25 	51.25 	70.75 	76.58 	66.83 	117.9 	123.48 	121.81 	110.97 	150.64 	176.88 	130.68 	168.91 	197.25 	173 	182.97 	238.88 	271.1 	313.98 	335.82 	380.95 	402.47 	357.96 	396.44 	351.71 	397.53 	499.14 	488.55 	484.01 	455.72 	597.84 	525.73 	490.02 	523.08 	498.16 e	488.97 e	: 	: 	: 
A,NR,NZ	: 	18 	21.5 	22 	37 	52.17 	34.25 	42.58 	38 	32.33 	44.17 	38.17 	21.77 	48.62 	61.98 	55.99 	71.37 	68.53 	81.82 	118.4 	105.48 	147.93 	177.51 	151.43 	182.62 	220.02 	196.16 	169.33 	184.39 	173.79 	167.64 	152.23 	159.08 	170.42 	206.4 	224.46 e	: 	: 	: 	: 
A,NR,PL	: 	: 	16.33 	9.44 	15 	31.5 	20.83 	19.33 	29.5 	23.58 	25.06 	15.12 	19.52 	19.15 	13.5 	17.72 	19.29 	14.55 	27.58 	28.41 	28.39 	36.25 	43.06 	58.57 	83.66 	109.63 	124.52 	127.94 	140.31 	201.77 	233.72 	291.61 	361.36 	384.77 	483.31 	547.21 e	609.16 e	578.38 be	627.33 e	686.64 e
A,NR,PT	: 	1 	3 	2.5 	3.2 	2 	4.42 	5.7 	6.33 	11.53 	8.4 	6.25 	7.75 	9.42 	10.55 	18.31 	13.9 	14 	18.87 	22.77 	26.85 	37.19 	41.98 	42.45 	39.52 	66.72 	58.5 	122.85 	106.45 	123.83 	117.07 	92.22 	95.08 	121.03 	112.18 	118.83 e	126.75 e	137.37 be	139.12 e	142.23 e
A,NR,RO	: 	: 	: 	: 	7 	1 	2 	1 	: 	: 	: 	: 	: 	3.83 	0.5 	5.1 	8 	7.5 	2.83 	8.03 	5.23 	7.71 	6 	10.36 	11.35 	16.27 	23.2 	28.68 	20.18 	32.57 	33.47 	31.13 	34.63 	60.42 	71.61 	85.1 e	101.92 e	93.51 be	98.91 e	99.57 e
A,NR,RU	: 	: 	: 	: 	: 	: 	: 	: 	: 	: 	: 	5 	4.57 	38.98 	117.99 	129.13 	138.17 	138.51 	170 	168.85 	212.56 	217.09 	228.25 	245.34 	186.83 	227.77 	243.73 	305.3 	272.04 	256.15 	249.58 	257.87 	335.15 	367.14 	351.98 	383.35 e	399.42 e	: 	: 	: 
A,NR,SE	: 	438.14 	583.97 	695.17 	819.68 	851.54 	906.17 	964.48 	871.6 	909.64 	870.49 	945.91 	935.91 	921.44 	1064.06 	1130.88 	1342.53 	1522.71 	1820.97 	2067.2 	2086.24 	2212.1 	2314.72 	2151.79 	2066.3 	2056.44 	2245.22 	2444.68 	2638.47 	2848.73 	2787.83 	2625.97 	2816.67 	2830.36 	3085.69 	3238.93 e	3379.68 e	2925.66 be	2900.34 e	2833.23 e
A,NR,SG	: 	: 	: 	: 	5.12 	1.5 	8 	5.33 	6.25 	4.23 	8.08 	23.53 	9.62 	26.25 	48.73 	33.49 	42.47 	46.82 	75.31 	73.31 	110.27 	137.68 	145.9 	191.26 	190.58 	224.78 	270.92 	258.85 	271.93 	259.06 	276.99 	270.72 	281.9 	264.48 	295.14 	303.28 e	310.41 e	: 	: 	: 
A,NR,SI	: 	: 	: 	: 	: 	: 	: 	: 	: 	: 	: 	2 	5 	3.33 	13.25 	21.08 	20.17 	23.99 	18.33 	19.8 	39.03 	31.37 	49.12 	51 	83.33 	73.44 	111.88 	108.42 	100.42 	120.11 	138.91 	123.25 	106.26 	112.13 	126.72 	127.88 e	135.09 e	119.09 be	112.36 e	114.25 e
A,NR,SK	: 	: 	: 	: 	: 	: 	: 	: 	: 	: 	: 	: 	: 	: 	: 	: 	7.03 	6.92 	8.33 	12.7 	11.27 	15.42 	11.23 	12.29 	25.69 	31.39 	20.61 	31.3 	40.36 	38.88 	36.87 	28.86 	46.5 	54.83 	44.53 	49.75 e	: 	41.93 be	54.23 e	55.14 e
A,NR,TR	: 	: 	: 	: 	1.14 	2.33 	3.25 	2 	3 	1.1 	2.5 	3.5 	3.78 	4.25 	0.48 	3.84 	3.5 	4.64 	14.82 	16.19 	30.78 	21.96 	44.94 	49.82 	66.05 	83.42 	118.39 	165.15 	188.71 	240.53 	257.54 	343.63 	485.6 	390.06 	449.03 	484.16 e	483.68 e	: 	: 	: 
A,NR,TW	: 	: 	8.5 	19.83 	28.67 	20.5 	19.5 	40.67 	39.5 	67.7 	76.08 	98.31 	108.92 	122.4 	129.74 	116.09 	107.47 	99.13 	121.91 	147.49 	175.6 	228.95 	252.87 	358.7 	490.64 	521.1 	615.51 	748.31 	864.32 	1080.85 	1100.93 	1240.64 	1372.2 	1368.98 	1285.12 	1299.95 e	1275.87 e	: 	: 	: 
A,NR,UK	: 	1660.61 	2070.96 	2431.46 	2597.03 	2870.06 	2926.71 	3210.37 	3516.83 	3540.92 	4005.8 	3857.18 	3562.31 	3454.84 	3429.4 	3489.18 	3667.92 	3817.22 	4218.52 	4590.55 	5197.57 	5796.32 	6083 	5684.43 	5643.69 	5674.48 	5625.08 	5672.17 	5807.7 	5631.2 	5391.42 	5447.89 	5353.2 	5434.75 	5388.95 	5369.3 e	5374.67 e	5692.11 be	5543.35 e	5437.02 e
A,NR,US	3174.28 	5005.33 	6425.89 	7509.3 	9107.08 	10219.17 	10654.7 	11629.43 	12167.6 	13538.13 	15135.56 	16427.79 	17354.96 	17277.28 	17696.04 	18411.47 	19558.16 	21894.3 	23330.48 	26195.47 	28697.91 	31023.42 	32098.49 	31741.05 	33324.85 	34283.93 	36040.06 	37644.31 	35273.28 	32593.68 	31070.88 	30382.18 	30467.56 	32467.45 	34066.32 	35294.37 e	36903.31 e	: 	: 	: 
A,NR,WORLD	11549.27 	18900.22 	24333.12 	28492.03 	31643.62 	36266.76 	39607.57 	42920.84 	45505.99 	51989.29 	57602.81 	61742.83 	61090.08 	59712.59 	59883.81 	62035.37 	64887.58 	70680.12 	79614.92 	89613.59 	98369.56 	108620.43 	116648.72 	114951.12 	118512.13 	124031.33 	131709.15 	136389.55 	135434.11 	132939.57 	127211.1 	129024.82 	132636.52 	135501.96 	137633.73 	140503.37 e	143125.65 e	: 	: 	: 
A,NR,ZA	: 	32 	49.33 	68 	58.4 	83.07 	73.33 	71.33 	93.57 	71.62 	88.14 	86.66 	58.75 	63.28 	118.07 	94.12 	76.27 	79.62 	83.24 	137.57 	148.24 	139.33 	147.01 	121.25 	131.88 	149.66 	148.39 	137.72 	160.37 	135.36 	143.49 	119.1 	125.83 	128.69 	127.76 	130.65 e	132.26 e	: 	: 	: 
A,PPS_HAB,AT	: 	: 	: 	: 	: 	: 	: 	: 	: 	: 	: 	: 	: 	: 	: 	: 	: 	34.07 	36.94 	45.17 	42.6 	45.63 	47.14 	48.29 	49.66 	52.74 	52.52 	54.23 	58.93 	55.73 	52.29 	58.01 	57.3 	55.74 	56.28 	57.64 e	: 	: 	: 	: 
A,PPS_HAB,BE	: 	: 	: 	: 	: 	: 	: 	: 	: 	: 	: 	: 	: 	: 	: 	: 	: 	43.21 	46.53 	56.52 	55.49 	61.39 	54.71 	49.6 	52.14 	53.25 	58 	56.47 	55.47 	54.15 	51.95 	51.38 	51.53 	50.22 	49.08 	50.37 e	: 	: 	: 	: 
A,PPS_HAB,BG	: 	: 	: 	: 	: 	: 	: 	: 	: 	: 	: 	: 	: 	: 	: 	: 	: 	1.78 	1.11 	1.89 	1.94 	1.63 	1.38 	2.71 	2.25 	3.08 	2.35 	2.84 	3.01 	1.22 	1.71 	1.54 	1.57 	2.25 	2.8 	3.32 e	: 	: 	: 	: 
A,PPS_HAB,CH	: 	: 	: 	: 	: 	: 	: 	: 	: 	: 	: 	: 	: 	: 	: 	: 	: 	73.73 	79.65 	86.08 	92.59 	94.59 	97 	99.51 	91.07 	96.73 	102.87 	105.25 	98.14 	91.21 	85.38 	89.46 	90.22 	84.78 	80.44 	80.61 e	: 	: 	: 	: 
A,PPS_HAB,CY	: 	: 	: 	: 	: 	: 	: 	: 	: 	: 	: 	: 	: 	: 	: 	: 	: 	: 	: 	: 	0.14 	0.27 	0.37 	0.83 	0.38 	0.27 	0.31 	0.81 	0.29 	0.44 	0.45 	0.65 	0.33 	0.24 	0.11 	0.36 e	: 	: 	: 	: 
A,PPS_HAB,CZ	: 	: 	: 	: 	: 	: 	: 	: 	: 	: 	: 	: 	: 	: 	: 	: 	: 	1.61 	2.62 	3.59 	5.22 	4.66 	4.93 	4.95 	6.08 	7.02 	6.64 	6.04 	8.09 	9.19 	10.38 	9.08 	9.78 	10.98 	11.21 	12.16 e	: 	: 	: 	: 
A,PPS_HAB,DE	: 	: 	: 	: 	: 	: 	: 	: 	: 	: 	: 	: 	: 	: 	: 	: 	: 	692.37 	798.05 	870.95 	945.8 	971.71 	987.31 	958.03 	934.91 	929.52 	925.39 	925.59 	884.58 	847.1 	799.07 	871.36 	802.87 	745.56 	696.2 	669.6 e	: 	: 	: 	: 
A,PPS_HAB,DK	: 	: 	: 	: 	: 	: 	: 	: 	: 	: 	: 	: 	: 	: 	: 	: 	: 	26 	30.67 	29.59 	35.92 	37.43 	39.34 	36.87 	36.87 	43.43 	41.09 	43.09 	38.91 	42.84 	42.02 	41.59 	41.33 	46.56 	41.06 	42.27 e	: 	: 	: 	: 
A,PPS_HAB,EA18	: 	: 	: 	: 	: 	: 	: 	: 	: 	: 	: 	: 	: 	: 	: 	: 	: 	1518.6 	1701.61 	1834.75 	1930.94 	2009.34 	1989.51 	1930.46 	1884.74 	1929.3 	1963.14 	1948.39 	1884.18 	1782.62 	1736.2 	1849.84 	1760.59 	1721.06 	1671.39 	1655.06 e	: 	: 	: 	: 
A,PPS_HAB,EE	: 	: 	: 	: 	: 	: 	: 	: 	: 	: 	: 	: 	: 	: 	: 	: 	: 	0.57 	0.95 	0.88 	0.73 	0.96 	0.53 	1 	0.56 	1.01 	0.69 	0.46 	1.36 	1.61 	2.05 	3.02 	2.46 	1.61 	1.29 	1.48 e	: 	: 	: 	: 
A,PPS_HAB,EL	: 	: 	: 	: 	: 	: 	: 	: 	: 	: 	: 	: 	: 	: 	: 	: 	: 	2.54 	3.22 	4.25 	4.76 	3.92 	3.52 	4.16 	4.18 	4.43 	3.27 	5.42 	4.86 	4.59 	4.06 	4.15 	3.03 	4.2 	5.21 	: 	: 	: 	: 	: 
A,PPS_HAB,ES	: 	: 	: 	: 	: 	: 	: 	: 	: 	: 	: 	: 	: 	: 	: 	: 	: 	28.74 	30.57 	38.71 	38.63 	42.92 	43.41 	45.26 	45.39 	46.07 	55.59 	59.55 	54.5 	52.99 	55.73 	63.34 	62.45 	60.92 	62.21 	61.75 e	: 	: 	: 	: 
A,PPS_HAB,EU28	: 	: 	: 	: 	: 	: 	: 	: 	: 	: 	: 	: 	: 	: 	: 	: 	: 	2133.83 	2366.95 	2520.05 	2656.36 	2771.35 	2724.06 	2611.4 	2526.51 	2571.85 	2568.5 	2553.97 	2474.89 	2343.13 	2281.99 	2417.67 	2326.62 	2288.67 	2226.34 	2208.45 e	: 	: 	: 	: 
A,PPS_HAB,FI	: 	: 	: 	: 	: 	: 	: 	: 	: 	: 	: 	: 	: 	: 	: 	: 	: 	45.48 	52.75 	57.08 	61.19 	70.17 	64.36 	62.19 	55.05 	55.62 	56.17 	52.29 	50.23 	43.58 	42.63 	48.93 	49.89 	46.29 	55.71 	60.81 e	: 	: 	: 	: 
A,PPS_HAB,FR	: 	: 	: 	: 	: 	: 	: 	: 	: 	: 	: 	: 	: 	: 	: 	: 	: 	302.51 	319.78 	338.01 	347.52 	353.47 	333.98 	320.34 	315.71 	345.99 	352.31 	339.69 	333.68 	321.36 	327.25 	339.72 	319.16 	325.69 	321.13 	322.76 e	: 	: 	: 	: 
A,PPS_HAB,HR	: 	: 	: 	: 	: 	: 	: 	: 	: 	: 	: 	: 	: 	: 	: 	: 	: 	2.13 	1.38 	2.02 	2.27 	2.14 	1.63 	2.1 	3.32 	3.46 	2.57 	2.53 	2.52 	2 	1.78 	1.48 	2.06 	1.12 	1.24 	1.19 e	: 	: 	: 	: 
A,PPS_HAB,HU	: 	: 	: 	: 	: 	: 	: 	: 	: 	: 	: 	: 	: 	: 	: 	: 	: 	7.46 	8.16 	8.63 	6.25 	11.88 	11.79 	8.72 	9.64 	10.33 	11.28 	9.55 	11.07 	12.49 	11.4 	12.05 	12.14 	13.11 	12.22 	12.53 e	: 	: 	: 	: 
A,PPS_HAB,IE	: 	: 	: 	: 	: 	: 	: 	: 	: 	: 	: 	: 	: 	: 	: 	: 	: 	6.5 	6.63 	7.01 	9.1 	10.39 	8.22 	9.61 	7.99 	7.77 	8.87 	8.48 	8.48 	9.02 	9.98 	11.51 	10.32 	11.51 	9.52 	10.13 e	: 	: 	: 	: 
A,PPS_HAB,IS	: 	: 	: 	: 	: 	: 	: 	: 	: 	: 	: 	: 	: 	: 	: 	: 	: 	0.57 	0.66 	0.72 	1 	1.46 	1.5 	0.81 	1.51 	1.19 	1.13 	1.14 	1.04 	0.82 	0.81 	0.91 	0.65 	0.79 	0.94 	0.95 e	: 	: 	: 	: 
A,PPS_HAB,IT	: 	: 	: 	: 	: 	: 	: 	: 	: 	: 	: 	: 	: 	: 	: 	: 	: 	139.22 	155.37 	162.55 	164.07 	177.85 	179.66 	170.4 	183.87 	191.14 	198.98 	208.11 	205.22 	189.51 	182.81 	182.33 	179.31 	173.12 	169.28 	170.69 e	: 	: 	: 	: 
A,PPS_HAB,JP	: 	: 	: 	: 	: 	: 	: 	: 	: 	: 	: 	: 	: 	: 	: 	: 	: 	656.66 	712.23 	735.07 	788.57 	897.65 	982.32 	900.98 	908.38 	940.06 	941.59 	872.67 	849.93 	790.37 	740.98 	826.47 	853.11 	844.24 	: 	: 	: 	: 	: 	: 
A,PPS_HAB,LT	: 	: 	: 	: 	: 	: 	: 	: 	: 	: 	: 	: 	: 	: 	: 	: 	: 	0.58 	0.27 	0.21 	0.1 	0.43 	0.63 	0.38 	0.29 	1.64 	1 	0.72 	0.71 	0.63 	1.05 	0.61 	1.05 	1.12 	1.78 	2.13 e	: 	: 	: 	: 
A,PPS_HAB,LU	: 	: 	: 	: 	: 	: 	: 	: 	: 	: 	: 	: 	: 	: 	: 	: 	: 	0.89 	1.22 	1.46 	2.01 	1.48 	1.73 	1.58 	1.24 	1.71 	2.11 	1.73 	1.68 	1.08 	1.42 	1.26 	1.2 	1.05 	1 	0.96 e	: 	: 	: 	: 
A,PPS_HAB,LV	: 	: 	: 	: 	: 	: 	: 	: 	: 	: 	: 	: 	: 	: 	: 	: 	: 	: 	: 	0.66 	0.75 	0.27 	1.3 	0.68 	0.81 	0.78 	0.97 	1.61 	1.31 	1.1 	1.56 	1.47 	1.17 	1.19 	1.65 	3.88 e	: 	: 	: 	: 
A,PPS_HAB,MT	: 	: 	: 	: 	: 	: 	: 	: 	: 	: 	: 	: 	: 	: 	: 	: 	: 	: 	: 	0.15 	0.28 	0.34 	0.27 	0.34 	0.24 	0.19 	0.35 	0.63 	0.37 	0.35 	0.27 	0.39 	0.16 	0.02 	0.25 	0.21 e	: 	: 	: 	: 
A,PPS_HAB,NL	: 	: 	: 	: 	: 	: 	: 	: 	: 	: 	: 	: 	: 	: 	: 	: 	: 	97.23 	110.85 	116.86 	118.95 	127.07 	136.1 	148.69 	130.8 	131.17 	131.49 	120.04 	120.83 	101.46 	103.19 	111.42 	96.52 	106.14 	104.29 	103.31 e	: 	: 	: 	: 
A,PPS_HAB,NO	: 	: 	: 	: 	: 	: 	: 	: 	: 	: 	: 	: 	: 	: 	: 	: 	: 	12.06 	12.32 	13.14 	14.35 	14.82 	12.82 	11.26 	12.55 	10.89 	11.14 	12.54 	11.15 	10.68 	9.51 	14.44 	11.95 	10.52 	10.52 	10.13 e	: 	: 	: 	: 
A,PPS_HAB,PL	: 	: 	: 	: 	: 	: 	: 	: 	: 	: 	: 	: 	: 	: 	: 	: 	: 	2.31 	4 	3.74 	3.5 	4.22 	4.68 	6.23 	8.45 	10.85 	11.42 	11.13 	11.41 	14.84 	16.58 	20.54 	23.46 	23.46 	28.26 	31.27 e	: 	: 	: 	: 
A,PPS_HAB,PT	: 	: 	: 	: 	: 	: 	: 	: 	: 	: 	: 	: 	: 	: 	: 	: 	: 	1.24 	1.59 	1.79 	2 	2.56 	2.73 	2.67 	2.42 	4.07 	3.5 	6.86 	5.69 	6.32 	6 	4.91 	4.85 	6.27 	5.78 	6.13 e	: 	: 	: 	: 
A,PPS_HAB,RO	: 	: 	: 	: 	: 	: 	: 	: 	: 	: 	: 	: 	: 	: 	: 	: 	: 	1.56 	0.55 	1.71 	1.16 	1.64 	1.2 	1.88 	1.89 	2.5 	3.09 	3.59 	2.19 	3.04 	2.74 	2.66 	2.79 	4.68 	5.27 	6.12 e	: 	: 	: 	: 
A,PPS_HAB,SE	: 	: 	: 	: 	: 	: 	: 	: 	: 	: 	: 	: 	: 	: 	: 	: 	: 	83.21 	94.84 	103.36 	99.82 	98.75 	95.26 	88.92 	82.65 	80.02 	82.24 	89.55 	90.98 	91.31 	90.22 	93.12 	93.27 	90.14 	95.83 	99.05 e	: 	: 	: 	: 
A,PPS_HAB,SI	: 	: 	: 	: 	: 	: 	: 	: 	: 	: 	: 	: 	: 	: 	: 	: 	: 	2.2 	1.57 	1.56 	2.91 	2.18 	3.23 	3.23 	4.96 	4.25 	5.98 	5.53 	4.85 	5.43 	6.12 	6.1 	5.16 	5.29 	5.92 	6 e	: 	: 	: 	: 
A,PPS_HAB,SK	: 	: 	: 	: 	: 	: 	: 	: 	: 	: 	: 	: 	: 	: 	: 	: 	: 	0.99 	1.1 	1.53 	1.28 	1.71 	1.18 	1.19 	2.31 	2.73 	1.68 	2.32 	2.71 	2.3 	2.04 	1.7 	2.57 	2.9 	2.3 	2.54 e	: 	: 	: 	: 
A,PPS_HAB,TR	: 	: 	: 	: 	: 	: 	: 	: 	: 	: 	: 	: 	: 	: 	: 	: 	: 	1.05 	3.09 	3.05 	4.22 	3.09 	5.62 	6.73 	8.93 	11.27 	13.93 	17.38 	17.97 	21.29 	22.01 	31.53 	39.8 	29.11 	: 	: 	: 	: 	: 	: 
A,PPS_HAB,UK	: 	: 	: 	: 	: 	: 	: 	: 	: 	: 	: 	: 	: 	: 	: 	: 	: 	225.87 	234.36 	235.41 	257.31 	273.41 	265.63 	237.84 	227.57 	223.4 	209.11 	204.03 	200.96 	191.54 	188.51 	207.14 	203.54 	205.86 	202.59 	197.4 e	: 	: 	: 	: 
A,PPS_HAB,US	382.44 	538.21 	636.23 	664.54 	765.3 	792.18 	734.81 	740.73 	737.43 	778.05 	809.39 	809.25 	814.79 	785.33 	762.76 	776.86 	788.64 	908.48 	918.52 	973.81 	1021.28 	1037.57 	1015.78 	995.02 	1025.38 	1026.46 	1023.87 	1017.41 	935.63 	837.88 	824.16 	865.59 	827.92 	868.11 	864.63 	886.79 e	: 	: 	: 	: 
A,P_BERD,AT	: 	: 	: 	789.93 	: 	: 	921.22 	956.08 	: 	: 	: 	720.58 	: 	: 	: 	503.86 	: 	: 	: 	: 	444.64 	: 	: 	: 	412.39 	: 	407.59 	362.15 	393.45 	355.35 	310.77 	336.01 	320.72 	316.24 	289.99 	282.3 e	281.63 e	: 	: 	: 
A,P_BERD,BE	: 	: 	: 	274.79 	332.63 	317.14 	361.86 	309.11 	333.21 	334.65 	331.93 	362.96 	: 	333.61 	334.55 	355.16 	323.84 	314.15 	327.2 	398.83 	382.94 	406.52 	365.86 	309.89 	364.47 	377.82 	407.19 	402.35 	375.6 	354.03 	322.88 	309.99 	301.35 	270.16 	232.03 	227.73 e	219.43 e	: 	: 	: 
A,P_BERD,BG	: 	: 	: 	: 	: 	: 	: 	: 	: 	66.17 	38.18 	23.22 	51.84 	98.28 	139.47 	154.3 	84.33 	266.87 	178.91 	719.67 	753.5 	566.6 	487.47 	1097.08 	972.48 	1200.77 	748.62 	1017.98 	878.48 	279.81 	360.74 	286.21 	156.48 	225.61 	220.26 	244.41 e	216.66 e	: 	: 	: 
A,P_BERD,CH	: 	: 	: 	804.71 	: 	739.82 	: 	: 	465.98 	: 	: 	514.53 	: 	: 	494.34 	: 	: 	: 	419.24 	: 	: 	: 	538.19 	: 	: 	: 	491.57 	: 	: 	: 	419.74 	: 	: 	: 	304.79 	: 	: 	: 	: 	: 
A,P_BERD,CN_X_HK	: 	: 	: 	: 	: 	: 	: 	: 	: 	: 	: 	: 	: 	: 	: 	: 	: 	: 	: 	: 	: 	: 	: 	48.46 	57.25 	80.5 	77.76 	101.91 	88.4 	94.85 	82.62 	89.59 	74.08 	63.6 	62.21 	60.21 e	: 	: 	: 	: 
A,P_BERD,CY	: 	: 	: 	: 	: 	: 	: 	: 	: 	: 	: 	: 	: 	1549.19 	1801.15 	: 	: 	: 	: 	: 	762.2 	947.88 	1186.15 	2775.07 	1008.89 	571.59 	602.59 	1380.42 	446.28 	641.3 	672.36 	926.74 	518.38 	441.05 	209.05 	594.4 e	561.54 e	: 	: 	: 
A,P_BERD,CZ	: 	: 	: 	: 	: 	: 	: 	: 	: 	: 	: 	: 	: 	: 	: 	78.34 	93.24 	68.68 	112.2 	129.63 	156.92 	148.03 	149.24 	142.49 	155.51 	179.58 	163.4 	141.76 	167.75 	179.09 	178.8 	162 	159.32 	157.84 	150.39 	154.52 e	156.04 e	: 	: 	: 
A,P_BERD,DE	: 	: 	: 	630.51 	555.14 	593.32 	608.6 	571.62 	539.34 	552.12 	570.88 	543.18 	486.96 	449.31 	443.85 	446.92 	472.74 	465 	558.35 	608.21 	649.8 	624.25 	621.23 	603.84 	592.07 	584.17 	603.05 	622.63 	586.88 	566.91 	502.96 	517.72 	499.56 	449.58 	407.7 	400.01 e	369.13 e	: 	: 	: 
A,P_BERD,DK	: 	: 	: 	569.49 	459.69 	469.03 	475.74 	439.26 	361.41 	340.91 	404.39 	393.97 	351.44 	343.6 	352.48 	357.11 	: 	345.61 	384.63 	359.52 	390.21 	378.13 	378.88 	316.62 	302.08 	332.7 	334.25 	343.31 	314.27 	319.56 	278.98 	243.8 	271.17 	301.12 	264.87 	271.59 e	270.94 e	: 	: 	: 
A,P_BERD,EA19	: 	: 	: 	: 	: 	: 	: 	: 	: 	: 	: 	: 	: 	: 	: 	: 	: 	: 	: 	: 	: 	: 	527.16 	505.2 	490.61 	492.59 	502.36 	502.85 	476.61 	447.03 	409.17 	413.08 	395.7 	371.29 	349.9 	344.72 e	333.88 e	: 	: 	: 
A,P_BERD,EE	: 	: 	: 	: 	: 	: 	: 	: 	: 	: 	: 	: 	: 	: 	: 	: 	: 	: 	: 	: 	927.47 	831.43 	549.56 	558.94 	333.78 	503.16 	264.4 	135.83 	316.27 	344.66 	392.42 	509.6 	333.41 	114.89 	108.13 	179.37 e	195.43 e	: 	: 	: 
A,P_BERD,EL	: 	: 	: 	546.9 	: 	: 	: 	: 	373.71 	: 	423.05 	456.17 	: 	341.98 	: 	166.3 	: 	216.94 	310.31 	374.26 	: 	228.34 	279 	255.66 	268.03 	271.62 	208.84 	309.41 	288.27 	270.57 	: 	: 	: 	175.46 	221.46 	214.04 e	233.22 e	: 	: 	: 
A,P_BERD,ES	: 	: 	: 	153.7 	149.64 	253.5 	158.09 	187.88 	180.33 	194.99 	172.92 	167.39 	132.76 	153.32 	140.9 	204.93 	242.21 	220.35 	225.13 	295.72 	255.88 	282.59 	261.69 	269.26 	238.15 	216.68 	250.24 	248.61 	206.12 	186.25 	178.8 	202.55 	201.32 	200.14 	213.95 	219.05 e	226.26 e	: 	: 	: 
A,P_BERD,EU28	: 	: 	: 	: 	: 	: 	: 	: 	: 	: 	: 	: 	: 	: 	: 	: 	: 	: 	: 	: 	: 	: 	467.78 	444.11 	432.31 	441.75 	450.51 	450.04 	425.78 	401.07 	376.07 	387.68 	371.88 	349.97 	330.77 	325.47 e	314.02 e	: 	: 	: 
A,P_BERD,FI	: 	: 	: 	316.66 	: 	305.14 	291.85 	270.51 	302.01 	357.82 	339.93 	332.68 	334.54 	360.25 	511.77 	635.73 	570.28 	502.4 	508.75 	527.23 	527.46 	541.39 	457.67 	429.88 	383.3 	367.35 	382.74 	346.61 	328.95 	282.93 	248.18 	271.53 	286.76 	266.9 	348.86 	379.18 e	422.46 e	: 	: 	: 
A,P_BERD,FR	: 	: 	: 	454.36 	432.01 	440.56 	409.22 	399.62 	391.76 	422.68 	432.99 	406.55 	357.23 	342.34 	299.57 	296.11 	302.86 	307.24 	325.21 	363.19 	386.8 	386.53 	378.02 	351.44 	341.17 	367.63 	370.72 	372.85 	355.86 	349.24 	339.18 	327.82 	309.23 	309.31 	296.1 	292.2 e	293.11 e	: 	: 	: 
A,P_BERD,HR	: 	: 	: 	: 	: 	: 	: 	: 	: 	: 	: 	: 	: 	: 	: 	: 	: 	: 	: 	: 	: 	: 	: 	: 	318.95 	355.05 	223.23 	259.09 	325.26 	220.67 	153.23 	143.05 	205.15 	112.84 	128.1 	104.1 e	88.79 e	: 	: 	: 
A,P_BERD,HU	: 	: 	: 	: 	: 	: 	: 	: 	: 	458.95 	484.46 	500.96 	732.74 	707.73 	713.47 	478.82 	404.17 	514.53 	644.59 	605.68 	518.99 	907.16 	676.39 	456.35 	481.1 	523.34 	517.3 	375.05 	379.49 	388.42 	325.45 	301.88 	290.21 	294.67 	251.82 	219.43 e	217.52 e	: 	: 	: 
A,P_BERD,IE	: 	: 	: 	328.97 	372.94 	390.78 	427.79 	365.48 	393.86 	495.03 	349.25 	395.09 	339.01 	279.78 	264.57 	206.25 	204.19 	217.63 	204.98 	202.08 	266.72 	297 	244.97 	279.78 	228.06 	205.95 	225.79 	206.63 	198.87 	205.45 	194.68 	185.35 	176.76 	199.98 	159.66 	162.78 e	157.02 e	: 	: 	: 
A,P_BERD,IS	: 	: 	: 	1043.3 	: 	372.44 	: 	880.66 	: 	217.88 	: 	406.55 	726.06 	744.26 	351.89 	281.69 	408.55 	426.79 	: 	327.67 	440.85 	409.43 	264.82 	138.04 	250.98 	217.52 	: 	177.21 	142.34 	113.37 	167.9 	209.58 	137.35 	162.61 	: 	230.9 e	230.7 e	: 	: 	: 
A,P_BERD,IT	: 	: 	: 	447.05 	398.61 	409.94 	409.22 	405.41 	402.36 	432 	407.37 	398.28 	344.13 	358.88 	345.43 	441.77 	485.03 	553.29 	552.47 	584.4 	607.23 	657.08 	642.17 	598.61 	599.32 	629.92 	630.24 	625.21 	617.37 	521.15 	467.2 	432.76 	425.44 	407.8 	390.16 	374.66 e	366.14 e	: 	: 	: 
A,P_BERD,JP	: 	: 	: 	255.56 	257.21 	243.88 	232.08 	201.77 	201.92 	246.2 	234.3 	240.28 	257.62 	200.4 	188.27 	161.28 	148.92 	165.06 	197.51 	198.53 	222.36 	217.19 	202.44 	194.11 	214.92 	247.1 	263.47 	237.99 	240.25 	249.73 	217.07 	215.73 	212.2 	196.94 	177.65 	219.81 e	: 	: 	: 	: 
A,P_BERD,KR	: 	: 	: 	: 	: 	: 	: 	: 	: 	: 	: 	: 	: 	: 	: 	: 	: 	: 	: 	: 	182.61 	157.36 	129.32 	154.15 	214.01 	311.56 	376.08 	357 	297.07 	251.73 	248.82 	307.61 	252.19 	216.55 	195.84 	192.58 e	: 	: 	: 	: 
A,P_BERD,LT	: 	: 	: 	: 	: 	: 	: 	: 	: 	: 	: 	: 	: 	: 	: 	: 	: 	: 	1290.88 	507.83 	638.1 	1306.62 	298.59 	118.66 	158.38 	725.42 	379.02 	274.97 	181.66 	147.7 	275.54 	152.46 	246.3 	254.34 	405.27 	480.22 e	447.17 e	: 	: 	: 
A,P_BERD,LU	: 	: 	: 	: 	: 	: 	: 	: 	: 	: 	: 	: 	: 	: 	: 	: 	: 	: 	: 	: 	: 	: 	238.72 	: 	: 	229.76 	292.65 	241.2 	220.7 	149.05 	194.13 	158.55 	191.78 	167.71 	217.17 	204.47 e	189.16 e	: 	: 	: 
A,P_BERD,LV	: 	: 	: 	: 	: 	: 	: 	: 	: 	: 	: 	: 	: 	: 	: 	: 	: 	: 	: 	737.05 	914.97 	399.81 	594.31 	373.66 	402.05 	548.82 	472.66 	601.84 	290.32 	383.28 	642.9 	604.04 	392.4 	457.57 	819.38 	1701.58 e	1458.48 e	: 	: 	: 
A,P_BERD,MT	: 	: 	: 	: 	: 	: 	: 	: 	: 	: 	: 	: 	: 	: 	: 	: 	: 	: 	: 	: 	: 	: 	: 	: 	1362.86 	923.03 	377.22 	622.1 	331.16 	326.76 	256.55 	387.6 	133.81 	10.47 	151.96 	136.28 e	132.38 e	: 	: 	: 
A,P_BERD,NL	: 	: 	: 	619.21 	647.96 	623.22 	658.16 	589.99 	541.53 	570.18 	606.51 	636.77 	597.53 	595.42 	611.38 	560.06 	514.18 	535.38 	618.34 	650.13 	702.01 	694.51 	778.5 	833.09 	783.14 	729.02 	723.43 	680.43 	683.54 	609.32 	656.8 	704.91 	586.39 	498.37 	478.9 	474.71 e	471.87 e	: 	: 	: 
A,P_BERD,NO	: 	: 	: 	202.83 	178.81 	136.02 	186.74 	158.23 	: 	136.19 	: 	206.15 	: 	196.9 	: 	188.36 	: 	219.41 	: 	243.21 	: 	278.45 	: 	197.34 	203.74 	180.45 	221.7 	253.3 	228.12 	200.84 	173.92 	241.55 	192.06 	161.07 	155.69 	146.01 e	141.4 e	: 	: 	: 
A,P_BERD,PL	: 	: 	: 	: 	: 	: 	: 	: 	: 	64.14 	77.58 	32.7 	68.02 	72.19 	76.06 	67.76 	73.4 	55.84 	83.52 	79.66 	66.94 	80.77 	99.72 	123.56 	350.81 	385.95 	381.22 	290.78 	294.16 	376.88 	344.36 	488.25 	520.47 	450.22 	378.67 	365.1 e	338.41 e	: 	: 	: 
A,P_BERD,PT	: 	: 	: 	: 	122.19 	73.2 	152.71 	173.37 	178.49 	298.4 	194.32 	103.53 	103.31 	108.41 	105.62 	191.14 	146.68 	142.31 	163.21 	174.08 	171.87 	201.24 	163 	128.52 	118.26 	197.37 	146.24 	265.9 	144.55 	122.51 	90.39 	70.34 	75.09 	99.5 	97.27 	110.75 e	123.22 e	: 	: 	: 
A,P_BERD,RO	: 	: 	: 	: 	: 	: 	: 	: 	: 	: 	: 	: 	: 	: 	: 	30.83 	48.69 	44.6 	19.65 	54.61 	37.12 	77.15 	58.14 	95.18 	102.53 	137.8 	178.34 	176.45 	93.71 	119.83 	138.03 	139.37 	157.73 	254.97 	285.26 	497.62 e	427.5 e	: 	: 	: 
A,P_BERD,RU	: 	: 	: 	: 	: 	: 	: 	: 	: 	: 	: 	: 	: 	: 	: 	: 	: 	: 	: 	: 	: 	171.3 	109.39 	86.73 	58.83 	67.93 	64.47 	68.48 	48.21 	37.63 	33.52 	37.56 	42.61 	40.34 	34.42 	35.72 e	40.28 e	: 	: 	: 
A,P_BERD,SE	: 	: 	: 	461.97 	: 	495.06 	: 	369.89 	: 	325.94 	: 	282.98 	: 	240.99 	: 	302.6 	: 	322.74 	: 	356.6 	: 	342.09 	: 	265.06 	: 	260.77 	292.83 	316.48 	301.41 	336.32 	305.72 	346.56 	345.17 	311.43 	327.69 	326.08 e	370.34 e	: 	: 	: 
A,P_BERD,SI	: 	: 	: 	: 	: 	: 	: 	: 	: 	: 	: 	: 	: 	: 	: 	296.47 	223.19 	211.8 	168.85 	163.46 	290.42 	201.08 	293.33 	258.67 	387.41 	350.74 	440.23 	446.33 	344.61 	401.1 	348.78 	290.41 	210.08 	169.77 	180.23 	178.72 e	196.2 e	: 	: 	: 
A,P_BERD,SK	: 	: 	: 	: 	: 	: 	: 	: 	: 	: 	: 	: 	: 	: 	: 	: 	113.64 	92.84 	98.37 	82.68 	110.03 	195.9 	119.45 	122.22 	269.23 	336.26 	240.77 	323.05 	432.81 	389.92 	281.93 	232.04 	265.34 	314.85 	184.02 	176.04 e	206.06 e	: 	: 	: 
A,P_BERD,TR	: 	: 	: 	: 	: 	: 	: 	: 	: 	: 	: 	: 	47.98 	31.48 	3.32 	24.64 	35.96 	39.89 	88.33 	60.79 	109.98 	52.77 	96.75 	126.01 	179.77 	277.04 	300.3 	213.45 	209.55 	170.96 	161.05 	229.75 	245.88 	189.29 	176.34 	174.45 e	: 	: 	: 	: 
A,P_BERD,UK	: 	: 	: 	354.61 	: 	404.66 	: 	369.17 	396.83 	393.83 	384.49 	339.48 	305.74 	297.71 	309.81 	312.21 	321.87 	347.05 	369.26 	332.58 	346.96 	337.82 	322.13 	295.14 	284.6 	309.76 	301.37 	291.42 	276.75 	246.53 	270.08 	310.65 	285.79 	270.95 	255.45 	247.19 e	217.78 e	: 	: 	: 
A,P_BERD,US	: 	: 	: 	166.27 	156.08 	142.85 	115.06 	107.73 	139.36 	173.34 	188.61 	181.26 	205.76 	186.7 	196.74 	186.77 	198.18 	220.58 	208.08 	191.15 	192.54 	181.58 	148.26 	140.72 	162.54 	193.21 	215.22 	207.08 	178.82 	165.89 	157.21 	150.06 	144.78 	153.67 	138.2 	: 	: 	: 	: 	: 
A,P_GERD,AT	: 	: 	: 	441.16 	452.35 	426.22 	493.25 	523.55 	424.18 	453.94 	448.18 	422.09 	362.33 	326.33 	288.35 	281.62 	260.63 	237.97 	257.48 	310.89 	282.58 	285.05 	293.69 	273.7 	275.63 	276.14 	276.13 	252.71 	277.01 	250.73 	215.44 	228.79 	219.49 	217.53 	203.62 	199.92 e	199.45 e	: 	: 	: 
A,P_GERD,BE	: 	: 	: 	: 	: 	223.95 	257.02 	221.03 	241.26 	243.79 	244.16 	243.15 	: 	221.83 	: 	254.47 	231.04 	223.91 	234.23 	285.65 	271.79 	291.15 	264.49 	226.13 	256.66 	263.29 	281.21 	273.64 	260.2 	246.18 	220.38 	204.8 	202.34 	185.6 	164.6 	160.93 e	156.28 e	: 	: 	: 
A,P_GERD,BG	: 	: 	: 	: 	: 	: 	: 	: 	: 	29.5 	21.75 	12.03 	31.85 	53.15 	70.86 	77.3 	41.99 	131.84 	105.31 	165 	140.43 	116.52 	104.15 	224.72 	180.11 	239.72 	177.51 	219.13 	223.85 	87.17 	111.94 	85.75 	78.72 	120.11 	133.31 	149.29 e	141.42 e	: 	: 	: 
A,P_GERD,CH	: 	: 	: 	597.1 	: 	549.69 	: 	: 	361.89 	: 	: 	385.43 	: 	: 	346.42 	: 	: 	: 	296.28 	: 	: 	: 	397.78 	: 	: 	: 	362.49 	: 	: 	: 	308.5 	: 	: 	: 	211.1 	: 	: 	: 	: 	: 
A,P_GERD,CN_X_HK	: 	: 	: 	: 	: 	: 	: 	: 	: 	: 	: 	: 	: 	: 	: 	: 	: 	: 	: 	: 	: 	: 	: 	29.29 	35.03 	50.2 	51.96 	69.62 	62.83 	68.57 	60.53 	65.6 	54.39 	48.17 	47.37 	46.13 e	: 	: 	: 	: 
A,P_GERD,CY	: 	: 	: 	: 	: 	: 	: 	: 	: 	: 	: 	: 	: 	236.91 	261.51 	: 	: 	: 	: 	: 	107.49 	191.55 	252.9 	537.65 	204.79 	122.76 	128.25 	303.98 	101.5 	146.79 	153.34 	183.52 	88.98 	63.34 	30 	94.72 e	97.1 e	: 	: 	: 
A,P_GERD,CZ	: 	: 	: 	: 	: 	: 	: 	: 	: 	: 	: 	: 	: 	: 	: 	57.38 	62.47 	44.69 	67.24 	81.41 	101.3 	93.04 	89.48 	85.74 	94.99 	109.53 	102 	84 	100.17 	105.09 	104.86 	91.52 	91.92 	87.32 	80.62 	83.62 e	87.33 e	: 	: 	: 
A,P_GERD,DE	: 	: 	: 	434.87 	390.19 	418.12 	430.45 	412.94 	388.64 	399.39 	413.18 	392.88 	350.98 	311.58 	304.93 	300.07 	314.86 	308.2 	369.05 	410.26 	441.47 	435.54 	436.9 	421.88 	409.96 	407.34 	420.88 	431.75 	410.85 	396.81 	348.3 	349.77 	335.16 	304.15 	277.21 	268.75 e	250.46 e	: 	: 	: 
A,P_GERD,DK	: 	: 	: 	283.06 	238.33 	250.17 	258.77 	242.7 	200.45 	189.66 	223.56 	216.7 	200.03 	201.14 	205.91 	208.21 	: 	198.33 	234.28 	220.92 	252.47 	245.52 	252.74 	217.14 	208.49 	229.9 	227.42 	234.32 	210.36 	223.29 	195 	170.12 	181.78 	200.92 	173.68 	173.89 e	173.47 e	: 	: 	: 
A,P_GERD,EA19	: 	: 	: 	: 	: 	: 	: 	: 	: 	: 	: 	: 	: 	: 	: 	: 	: 	: 	: 	: 	: 	: 	337.16 	321.8 	309.44 	310.09 	317.05 	316.01 	302.05 	284.41 	258.51 	254.8 	245.28 	235 	223.43 	219.21 e	213.71 e	: 	: 	: 
A,P_GERD,EE	: 	: 	: 	: 	: 	: 	: 	: 	: 	: 	: 	: 	: 	: 	: 	: 	: 	: 	: 	: 	182.66 	198.86 	123.68 	187.92 	102.34 	170.5 	103.02 	61.24 	140.54 	162.51 	169.54 	227.72 	167.25 	72.57 	62.2 	85.6 e	84.77 e	: 	: 	: 
A,P_GERD,EL	: 	: 	: 	122.69 	: 	: 	: 	: 	106.97 	: 	119.23 	101.76 	: 	89.25 	: 	44.57 	: 	63.96 	: 	95.64 	: 	65.04 	: 	83.5 	: 	87.09 	64.89 	95.85 	86.6 	77.35 	58.75 	62.22 	48.43 	61.28 	75.93 	71.37 e	79.38 e	: 	: 	: 
A,P_GERD,ES	: 	: 	: 	69.91 	73.04 	122.77 	81.94 	103.77 	100.66 	107.18 	98.19 	94.3 	76.77 	85.86 	71.17 	97.86 	113.26 	106.27 	108.84 	144.3 	133.35 	146.92 	140.43 	141.01 	129.99 	117.23 	136.09 	133.73 	114.4 	104.05 	98.19 	105.12 	103.59 	104.36 	113.34 	116.27 e	118.93 e	: 	: 	: 
A,P_GERD,EU28	: 	: 	: 	: 	: 	: 	: 	: 	: 	: 	: 	: 	: 	: 	: 	: 	: 	: 	: 	: 	: 	: 	302.32 	286.85 	275.91 	280.57 	285.48 	283.03 	269.99 	255.15 	237.76 	239.3 	229.9 	221.09 	210.12 	206.72 e	200.53 e	: 	: 	: 
A,P_GERD,FI	: 	: 	: 	173.08 	: 	170.1 	169.21 	158.87 	177.93 	210.84 	203.53 	204.96 	209.29 	205.35 	290.47 	371.19 	354.89 	317.61 	336.64 	347.87 	354.23 	369.03 	324.52 	305.63 	267.82 	258.94 	268.36 	245.5 	234.54 	204.55 	184.28 	193.94 	199.68 	188.06 	239.74 	261.09 e	286.06 e	: 	: 	: 
A,P_GERD,FR	: 	: 	: 	267.69 	250.26 	250.26 	233.89 	234.67 	230.02 	248.93 	257.48 	245.32 	215.84 	210.48 	187.18 	182.7 	187.29 	187.36 	200.15 	227.12 	240.83 	244.2 	236.29 	222.08 	215.79 	230.2 	233.94 	231.6 	224.48 	219.95 	212.77 	202.24 	195.31 	197.82 	191.22 	188.98 e	189.86 e	: 	: 	: 
A,P_GERD,HR	: 	: 	: 	: 	: 	: 	: 	: 	: 	: 	: 	: 	: 	: 	: 	: 	: 	: 	: 	: 	: 	: 	: 	: 	136.1 	138.87 	92.97 	106.86 	119.39 	89.68 	67.87 	57.82 	90.47 	50.45 	58.73 	52.16 e	42.84 e	: 	: 	: 
A,P_GERD,HU	: 	: 	: 	: 	: 	: 	: 	: 	: 	256.29 	249.2 	220.88 	279.4 	292.96 	260.1 	155.62 	142.56 	223.49 	278.36 	251.38 	199.52 	364.99 	299.75 	182.96 	170.67 	192.24 	212.71 	161.93 	183.2 	195.51 	171.09 	172.78 	173.59 	183.94 	165.26 	152.35 e	155.58 e	: 	: 	: 
A,P_GERD,IE	: 	: 	: 	143.37 	162.53 	182.11 	210.82 	187.62 	208.51 	267.32 	194.75 	230.43 	203.55 	177.84 	172.27 	139.71 	140.75 	152.47 	145.05 	143.49 	191.6 	217.83 	175.45 	196.06 	156.96 	139.03 	148.45 	135.38 	131.55 	135.44 	126.02 	126.6 	121.41 	139.5 	114.57 	119.41 e	115.21 e	: 	: 	: 
A,P_GERD,IS	: 	: 	: 	100.29 	: 	63.3 	96.1 	135.36 	115.94 	34.99 	: 	78.82 	140.76 	161.99 	77.34 	87.65 	127.12 	135.95 	: 	133.03 	161.39 	191.07 	149.26 	81.27 	143.56 	112.59 	: 	91.29 	75.72 	61.86 	91.61 	105.47 	: 	86.41 	: 	131.05 e	131.05 e	: 	: 	: 
A,P_GERD,IT	: 	: 	: 	252.02 	226.27 	234.05 	230.7 	230.87 	234.79 	247.1 	235.55 	234.07 	200.68 	200.27 	192.78 	237.03 	256.79 	295.5 	295.53 	291.23 	293.58 	324.09 	321.54 	293.78 	289.68 	297.66 	301.34 	314.86 	301.15 	270.27 	250.25 	230.65 	229.34 	222.84 	211.37 	204.99 e	203.89 e	: 	: 	: 
A,P_GERD,JP	: 	: 	: 	155.06 	159.12 	154.87 	151.02 	134.81 	134.43 	162.55 	159.16 	167.44 	182.55 	141.78 	129.41 	106.51 	98.36 	107.64 	140.35 	143.03 	158.32 	153.58 	143.65 	143.01 	159.99 	185.27 	198.11 	181.94 	185.37 	194.51 	170.32 	163.44 	162.37 	151.57 	136.12 	167.25 e	: 	: 	: 	: 
A,P_GERD,KR	: 	: 	: 	: 	: 	: 	: 	: 	: 	: 	: 	: 	: 	: 	: 	: 	: 	: 	: 	: 	128.41 	112.35 	95.76 	117.44 	160.28 	237.07 	288.52 	274.37 	229.51 	191.92 	187.53 	228.43 	188.63 	165.73 	152.66 	151.2 e	: 	: 	: 	: 
A,P_GERD,LT	: 	: 	: 	: 	: 	: 	: 	: 	: 	: 	: 	: 	: 	: 	: 	: 	: 	136.58 	46.21 	27.77 	12.29 	58.06 	64.2 	34.53 	26.7 	152.38 	81.23 	56.06 	50.76 	42.13 	65.44 	37.19 	72.41 	66.68 	109.13 	122.25 e	132.2 e	: 	: 	: 
A,P_GERD,LU	: 	: 	: 	: 	: 	: 	: 	: 	: 	: 	: 	: 	: 	: 	: 	: 	: 	: 	: 	: 	: 	: 	221.08 	: 	: 	204.72 	256.89 	208.5 	189.96 	124.71 	151.21 	120.32 	127.07 	110.55 	120.07 	107.31 e	99.48 e	: 	: 	: 
A,P_GERD,LV	: 	: 	: 	: 	: 	: 	: 	: 	: 	: 	: 	: 	: 	: 	: 	55.57 	: 	: 	: 	175.64 	192.34 	68.56 	239.25 	135.93 	164.46 	188.46 	210.25 	245.14 	146.27 	124.77 	160.89 	219.83 	145.24 	127.05 	185.1 	480.59 e	517.81 e	: 	: 	: 
A,P_GERD,MT	: 	: 	: 	: 	: 	: 	: 	: 	: 	: 	: 	: 	: 	: 	: 	: 	: 	: 	: 	: 	: 	: 	: 	: 	337.24 	283.77 	249.52 	413.41 	219.18 	216.28 	168.27 	245.58 	82.93 	6.91 	89.07 	75.81 e	79.14 e	: 	: 	: 
A,P_GERD,NL	: 	: 	: 	329.79 	334.21 	333.83 	353.89 	331.42 	316.98 	337.51 	364.09 	376.81 	315.93 	295.7 	298.31 	276.45 	264.71 	279.04 	325.73 	354.73 	380.25 	387.22 	428.99 	453.56 	406.75 	382.84 	387.42 	359.92 	368.14 	323.75 	329.15 	331.86 	280.92 	281.94 	270.88 	264.29 e	265.44 e	: 	: 	: 
A,P_GERD,NO	: 	: 	: 	107.24 	97.62 	76.23 	110.83 	99.14 	: 	84.46 	: 	116.62 	: 	107.45 	: 	100.79 	: 	124.43 	: 	138.43 	: 	155.81 	: 	117.86 	117.01 	103.43 	120.85 	135.52 	121.89 	105.52 	92.47 	124.58 	98.41 	84.04 	81.39 	76.63 e	75.96 e	: 	: 	: 
A,P_GERD,PL	: 	: 	: 	: 	: 	: 	: 	: 	: 	37 	45.75 	22.39 	71.03 	59.04 	42.01 	29.04 	30.28 	21.63 	34.18 	31.41 	27.76 	33.38 	35.99 	44.27 	71.36 	105.82 	109.34 	92.33 	92.76 	114.41 	106.52 	139.14 	138.58 	135.67 	140.91 	159.24 e	157.65 e	: 	: 	: 
A,P_GERD,PT	: 	: 	: 	: 	38.16 	22.12 	45.22 	47.63 	46.86 	75.33 	47.76 	26.45 	26.98 	25.41 	22.93 	40.98 	31.06 	29.77 	35.54 	39.1 	38.82 	45.65 	45.31 	40.88 	38.41 	65.44 	52.69 	102.28 	67.08 	62.77 	45.29 	33.27 	34.48 	47.16 	48.35 	52.62 e	56.86 e	: 	: 	: 
A,P_GERD,RO	: 	: 	: 	: 	: 	: 	: 	: 	: 	: 	: 	: 	: 	32.06 	6.59 	24.67 	40.93 	34.59 	14.45 	44.44 	28.48 	57.39 	40.35 	58.65 	61.79 	80.17 	98.63 	87.73 	45.44 	49.89 	41.35 	56 	60.44 	91.91 	111.16 	152.57 e	177.22 e	: 	: 	: 
A,P_GERD,RU	: 	: 	: 	: 	: 	: 	: 	: 	: 	: 	: 	: 	: 	: 	: 	: 	: 	: 	: 	: 	: 	119.81 	77.43 	60.95 	41.11 	46.49 	44.53 	46.55 	32.13 	24.17 	21.09 	23.43 	25.78 	24.59 	20.08 	21.65 e	24.01 e	: 	: 	: 
A,P_GERD,SE	: 	: 	: 	294.07 	: 	319.34 	: 	251.68 	: 	217.64 	: 	185.14 	: 	165.03 	: 	210.48 	: 	240.75 	: 	266.82 	: 	254.45 	: 	205.33 	: 	193.89 	215.35 	230.44 	225.09 	245.42 	226.39 	245.81 	237.29 	215.11 	222.13 	224.83 e	248.29 e	: 	: 	: 
A,P_GERD,SI	: 	: 	: 	: 	: 	: 	: 	: 	: 	: 	: 	: 	: 	: 	: 	121.49 	94.46 	98.68 	85.52 	86.7 	151.14 	110.54 	165.2 	149.46 	231.21 	224.2 	294.85 	262.59 	207.56 	239.98 	225.16 	187.63 	142.45 	125.4 	136.51 	136.77 e	151.75 e	: 	: 	: 
A,P_GERD,SK	: 	: 	: 	: 	: 	: 	: 	: 	: 	: 	: 	: 	: 	: 	: 	: 	59.91 	50.05 	54.91 	62.5 	72.41 	122.55 	78.61 	82.29 	173.19 	185.63 	118.43 	161.03 	186.37 	154.22 	120.9 	95.25 	111.68 	117.05 	76.09 	81.44 e	75.91 e	: 	: 	: 
A,P_GERD,TR	: 	: 	: 	: 	: 	: 	: 	: 	: 	: 	: 	: 	9.78 	6.64 	0.8 	5.64 	8.88 	9.42 	22.93 	19.62 	34.71 	20.08 	32.35 	42.51 	51.59 	64.35 	72.61 	72.21 	77.59 	70.55 	71.23 	91.91 	104.61 	81.75 	79.53 	82.84 e	: 	: 	: 	: 
A,P_GERD,UK	: 	: 	: 	223.27 	: 	252.89 	: 	237.58 	273.87 	270.57 	265.22 	234.62 	212.09 	199.62 	204.58 	206.35 	207.97 	225.44 	239.47 	216.83 	227.48 	225.54 	209.26 	193.33 	184.56 	197.34 	188.55 	178.89 	170.63 	154.16 	167.43 	187.66 	174.19 	172.27 	161.81 	157.93 e	140.25 e	: 	: 	: 
A,P_GERD,US	: 	: 	: 	115.25 	109.93 	100.63 	81.72 	77.02 	99.33 	123.38 	133.36 	127.26 	145.02 	132.66 	138.52 	129.76 	137.16 	155.57 	149.78 	139.65 	141.77 	134.66 	110 	101.44 	112.59 	131.98 	146.68 	142.73 	125.35 	117.45 	112.22 	104.38 	98.61 	105.31 	96.5 	: 	: 	: 	: 	: 
A,P_MACT,AT	: 	: 	: 	: 	: 	: 	: 	: 	: 	: 	: 	: 	: 	: 	: 	: 	176.65 	174.27 	199.23 	252.7 	248.92 	278.32 	306.58 	308.45 	332.81 	349.91 	372.64 	383.77 	433.5 	417.57 	390.32 	406.95 	419.53 	423.98 	433.93 	441.29 e	450.08 e	: 	: 	: 
A,P_MACT,BE	: 	: 	: 	: 	: 	: 	: 	: 	: 	: 	: 	: 	: 	: 	167.92 	195.85 	187.27 	194.28 	214.56 	273.62 	270.64 	307.13 	298.75 	279.89 	303.33 	307.53 	336.34 	328.41 	331.83 	330.63 	314.16 	295.44 	309.54 	312.3 	307.94 	310.52 e	310.7 e	: 	: 	: 
A,P_MACT,BG	: 	: 	: 	: 	: 	: 	: 	: 	: 	: 	: 	: 	: 	: 	: 	: 	: 	: 	: 	: 	: 	: 	2.21 	4.74 	4.36 	6.47 	5.3 	7.03 	7.94 	3.48 	5.24 	4.53 	4.98 	7.9 	10.11 	11.81 e	14.09 e	: 	: 	: 
A,P_MACT,CY	: 	: 	: 	: 	: 	: 	: 	: 	: 	: 	: 	: 	: 	: 	: 	: 	: 	: 	: 	: 	: 	: 	19.95 	45.89 	21.05 	14.68 	16.86 	45.69 	16.91 	26.26 	28.33 	37.66 	18.19 	13.03 	5.72 	18.3 e	18.58 e	: 	: 	: 
A,P_MACT,CZ	: 	: 	: 	: 	: 	: 	: 	: 	: 	: 	: 	: 	: 	: 	: 	: 	: 	: 	: 	: 	12.46 	11.54 	12.96 	13.98 	17.85 	21.75 	21.93 	20.79 	29.41 	36.41 	40.06 	33.32 	36.55 	42.66 	44.13 	47.22 e	50.95 e	: 	: 	: 
A,P_MACT,DE	: 	: 	: 	: 	: 	: 	: 	: 	: 	: 	: 	: 	: 	: 	292.43 	299.1 	317.94 	334.08 	398.5 	447.4 	498.06 	529.39 	558.76 	553.57 	551.54 	559.09 	578.83 	588.86 	585.06 	588.41 	557.59 	563.88 	564.12 	557.55 	530.35 	513.68 e	494.62 e	: 	: 	: 
A,P_MACT,DK	: 	: 	: 	: 	: 	: 	: 	: 	: 	: 	: 	: 	: 	: 	137.36 	152.24 	174.19 	180.62 	223.59 	227.49 	284.94 	306.34 	346.87 	324.03 	338.48 	390 	384.3 	412.71 	390.55 	449.77 	442.27 	407.83 	440.92 	501.51 	453.38 	469.52 e	474.67 e	: 	: 	: 
A,P_MACT,EA18	: 	: 	: 	: 	: 	: 	: 	: 	: 	: 	: 	: 	: 	: 	: 	: 	: 	: 	: 	241.07 	262.33 	282.5 	295.05 	294.23 	291.59 	295.13 	307.65 	312.35 	314.42 	310.55 	299.32 	298.28 	296.08 	299.27 	291.65 	289.4 e	287.29 e	: 	: 	: 
A,P_MACT,EA19	: 	: 	: 	: 	: 	: 	: 	: 	: 	: 	: 	: 	: 	: 	: 	: 	: 	: 	: 	: 	259.16 	279.14 	291.66 	290.94 	288.4 	292.02 	304.49 	309.23 	311.41 	307.61 	296.57 	295.46 	293.35 	296.59 	289.17 	287 e	284.94 e	: 	: 	: 
A,P_MACT,EE	: 	: 	: 	: 	: 	: 	: 	: 	: 	: 	: 	: 	: 	: 	: 	: 	: 	: 	: 	: 	7.84 	11.12 	6.68 	13.53 	8.58 	16.95 	12.72 	9.51 	30.64 	40.95 	50.84 	65.42 	57.11 	40.53 	34.65 	41.04 e	35.93 e	: 	: 	: 
A,P_MACT,EL	: 	: 	: 	: 	: 	: 	: 	: 	: 	: 	: 	: 	: 	: 	8.96 	4.08 	7.34 	6.63 	8.64 	12.06 	13.26 	11.29 	12.24 	15.16 	16.22 	17.69 	13.5 	22.4 	21.28 	20.83 	18.83 	18.34 	13.02 	17.27 	20.77 	21.6 e	24.45 e	: 	: 	: 
A,P_MACT,ES	: 	: 	: 	: 	: 	: 	: 	: 	: 	: 	: 	: 	: 	: 	18.8 	23.56 	24.94 	24.39 	27.03 	35.75 	37.63 	43.17 	45.63 	48.64 	49.32 	48.77 	59.75 	64.5 	62.06 	61.9 	62.58 	65.9 	64.68 	63.17 	64.74 	65.24 e	65.93 e	: 	: 	: 
A,P_MACT,EU28	: 	: 	: 	: 	: 	: 	: 	: 	: 	: 	: 	: 	: 	: 	: 	: 	: 	: 	: 	: 	: 	: 	: 	: 	227.56 	232.13 	241.05 	245.6 	248.04 	246.8 	238.08 	236.42 	236.71 	240.01 	235.49 	234.83 e	234.02 e	: 	: 	: 
A,P_MACT,FI	: 	: 	: 	: 	: 	: 	: 	: 	: 	: 	: 	: 	: 	: 	207.57 	238.31 	277.3 	288.72 	343.84 	410.54 	470.06 	559.47 	554.24 	541.96 	495.73 	498.52 	543.62 	512.74 	510.29 	477.38 	468.47 	491.46 	521.04 	502.23 	608.88 	652.09 e	695.21 e	: 	: 	: 
A,P_MACT,FR	: 	: 	: 	: 	: 	: 	: 	: 	: 	: 	: 	: 	: 	: 	190.65 	196.13 	204.04 	208.48 	226.75 	251.1 	270.42 	283.95 	285.29 	282.33 	285.31 	294.26 	306.22 	305.52 	307.93 	310.35 	311.53 	306.14 	298.83 	313.95 	310.46 	311.8 e	316.84 e	: 	: 	: 
A,P_MACT,HR	: 	: 	: 	: 	: 	: 	: 	: 	: 	: 	: 	: 	: 	: 	: 	: 	: 	: 	: 	: 	: 	: 	: 	: 	20.49 	22.6 	17.62 	18.41 	19.72 	16.22 	14.92 	11.37 	15.85 	9.02 	10.4 	10.05 e	7.69 e	: 	: 	: 
A,P_MACT,HU	: 	: 	: 	: 	: 	: 	: 	: 	: 	: 	: 	: 	: 	: 	: 	: 	: 	: 	16.18 	18.54 	14.15 	27.74 	29.74 	24.48 	29.38 	32.02 	36.95 	32.26 	38.86 	45.35 	43.41 	44.27 	46.52 	52.44 	48.32 	49.74 e	50.02 e	: 	: 	: 
A,P_MACT,IE	: 	: 	: 	: 	: 	: 	: 	: 	: 	: 	: 	: 	: 	: 	54.16 	50.26 	57.83 	68.02 	73.44 	83.6 	113.33 	135.8 	116.71 	138.59 	121.18 	119.94 	139.89 	134.58 	136.24 	146.51 	144.38 	155.36 	148.33 	171.71 	145.4 	152.14 e	153.35 e	: 	: 	: 
A,P_MACT,IS	: 	: 	: 	: 	: 	: 	: 	: 	: 	: 	: 	: 	: 	: 	: 	: 	: 	: 	: 	: 	: 	: 	: 	: 	: 	192.14 	200.06 	202.38 	174.7 	138.08 	136.79 	143.97 	101.06 	127.23 	155.38 	155.11 e	171.87 e	: 	: 	: 
A,P_MACT,IT	: 	: 	: 	: 	: 	: 	: 	: 	: 	: 	: 	: 	: 	: 	: 	99.54 	102.96 	109.45 	127.06 	138.02 	144.79 	160.4 	170.58 	168.33 	177.05 	182.38 	189.1 	202.25 	207.64 	202.14 	192 	180.07 	183.09 	179.02 	171.58 	170.29 e	165.97 e	: 	: 	: 
A,P_MACT,LT	: 	: 	: 	: 	: 	: 	: 	: 	: 	: 	: 	: 	: 	: 	: 	: 	: 	: 	: 	: 	0.39 	1.75 	2.79 	1.92 	1.64 	10.3 	6.98 	5.62 	6.38 	6.46 	11.13 	5.44 	10.47 	12.72 	22.11 	27.73 e	33.11 e	: 	: 	: 
A,P_MACT,LU	: 	: 	: 	: 	: 	: 	: 	: 	: 	: 	: 	: 	: 	: 	142.93 	204.03 	124.1 	172.13 	242.56 	293.43 	421.04 	344.81 	433.23 	385.93 	314.43 	447.94 	580.57 	484.54 	522.66 	348.68 	439.5 	326.04 	331.65 	295.39 	270.94 	256.21 e	233.74 e	: 	: 	: 
A,P_MACT,LV	: 	: 	: 	: 	: 	: 	: 	: 	: 	: 	: 	: 	: 	: 	: 	: 	: 	: 	: 	: 	4.07 	1.51 	8.15 	4.63 	6.26 	6.53 	8.99 	16.49 	14.82 	13.92 	19.92 	16.94 	14.94 	17.39 	26.31 	66.24 e	84.95 e	: 	: 	: 
A,P_MACT,MT	: 	: 	: 	: 	: 	: 	: 	: 	: 	: 	: 	: 	: 	: 	: 	: 	: 	: 	: 	: 	: 	: 	29.24 	34.43 	25.06 	20.27 	37.59 	70.14 	42.18 	41.12 	32.62 	45.56 	20.05 	1.85 	30.25 	25.96 e	27.7 e	: 	: 	: 
A,P_MACT,NL	: 	: 	: 	: 	: 	: 	: 	: 	: 	: 	: 	: 	: 	: 	207.5 	207.67 	210.82 	235.73 	279.42 	308.43 	327.78 	368.48 	425.1 	472.03 	420.11 	411.22 	427.97 	409 	431.53 	379.69 	387.93 	384.76 	347.49 	395.34 	382.52 	377.07 e	390.15 e	: 	: 	: 
A,P_MACT,NO	: 	: 	: 	: 	: 	: 	: 	: 	: 	: 	: 	: 	: 	: 	: 	: 	: 	: 	: 	: 	: 	: 	172.64 	152.58 	167.78 	149.18 	167.84 	208.75 	200.43 	193.81 	176.69 	231.61 	202.69 	186.87 	195.84 	184.74 e	179.56 e	: 	: 	: 
A,P_MACT,PL	: 	: 	: 	: 	: 	: 	: 	: 	: 	: 	: 	: 	: 	: 	: 	: 	: 	: 	: 	1.66 	1.66 	2.08 	2.49 	3.37 	4.86 	6.48 	7.32 	7.47 	8.3 	12 	13.78 	16.93 	21.1 	22.34 	27.87 	31.52 e	34.95 e	: 	: 	: 
A,P_MACT,PT	: 	: 	: 	: 	: 	: 	: 	: 	: 	: 	: 	: 	: 	: 	2.15 	3.73 	2.78 	2.8 	3.73 	4.42 	5.21 	7.16 	7.95 	7.89 	7.23 	12.15 	10.68 	22.27 	19.16 	22.16 	20.94 	16.64 	17.15 	22.3 	20.84 	22.49 e	24.26 e	: 	: 	: 
A,P_MACT,RO	: 	: 	: 	: 	: 	: 	: 	: 	: 	: 	: 	: 	: 	: 	: 	: 	: 	: 	: 	0.69 	0.45 	0.67 	0.52 	0.91 	1.09 	1.64 	2.34 	2.92 	2.02 	3.26 	3.37 	3.15 	3.7 	6.58 	7.76 	9.25 e	11.03 e	: 	: 	: 
A,P_MACT,SE	: 	: 	: 	: 	: 	: 	: 	: 	: 	: 	: 	: 	: 	: 	234.6 	254.66 	303.98 	341.87 	407.62 	465.78 	471.88 	497.2 	515.13 	468.99 	449.11 	445.06 	484.27 	518.62 	553.64 	588.78 	569.21 	535.03 	569.21 	564.22 	609.81 	633.16 e	652.02 e	: 	: 	: 
A,P_MACT,SI	: 	: 	: 	: 	: 	: 	: 	: 	: 	: 	: 	: 	: 	: 	: 	: 	: 	: 	19.64 	20.72 	40.35 	32.92 	50.88 	52.24 	85.84 	76.4 	111.14 	106.77 	98.26 	116.06 	133.34 	118.32 	102.03 	110 	125.03 	126.92 e	133.09 e	: 	: 	: 
A,P_MACT,SK	: 	: 	: 	: 	: 	: 	: 	: 	: 	: 	: 	: 	: 	: 	: 	: 	: 	: 	: 	: 	4.48 	6.06 	4.35 	4.68 	9.85 	11.99 	7.78 	11.85 	15.2 	14.67 	13.72 	10.74 	17.2 	20.47 	16.45 	18.32 e	18.68 e	: 	: 	: 
A,P_MACT,TR	: 	: 	: 	: 	: 	: 	: 	: 	: 	: 	: 	: 	: 	: 	: 	: 	: 	: 	: 	: 	: 	: 	: 	: 	: 	: 	: 	: 	8.42 	10.55 	10.97 	14.11 	19.17 	14.76 	16.62 	17.31 e	16.8 e	: 	: 	: 
A,P_MACT,UK	: 	: 	: 	: 	: 	: 	: 	: 	: 	: 	: 	: 	: 	: 	120.51 	122.9 	129.37 	134.23 	147.46 	159.51 	179.56 	197.92 	210.34 	195.5 	192.54 	192.11 	188.98 	188.4 	189.29 	182.33 	172.38 	173.35 	169.49 	170.68 	167.72 	165.76 e	164.68 e	: 	: 	: 
A,P_MHAB,AT	: 	35.12 	34.92 	40.65 	49.31 	52.33 	67.4 	76.04 	70.02 	80.33 	85.72 	87.61 	83.9 	84.94 	78.85 	83.11 	85.21 	84.48 	95.69 	121.35 	119.71 	134.33 	147.86 	149.9 	160.12 	171.88 	178.02 	185.8 	212.05 	207.89 	195.74 	205.31 	212 	214.96 	221.57 	226.4 e	230.54 e	233.15 be	232.76 e	231.35 e
A,P_MHAB,AU	: 	11.52 	16.29 	18.31 	18.73 	24.19 	27 	30.13 	24.8 	22.17 	20.79 	21.31 	21.42 	22.96 	22.1 	24.58 	25.37 	28.09 	25.63 	34.91 	37.32 	51.5 	54.02 	50.89 	53.81 	55.02 	57.99 	57 	50.07 	45.26 	43.3 	42.24 	37.31 	39.01 	37.67 	36.16 e	35.79 e	: 	: 	: 
A,P_MHAB,BE	: 	25.18 	25.45 	25.31 	31.92 	33.35 	41.7 	39.85 	46.78 	50.4 	51.95 	57.83 	51.43 	58.95 	67.59 	79.46 	76.9 	80.19 	88.53 	113.36 	113.24 	131.63 	128.23 	118.39 	129.47 	131.63 	146.16 	145.43 	146.71 	147.85 	140.75 	131.88 	139.77 	137.86 	135.8 	137.63 e	137.73 e	139.69 be	140.49 e	145.83 e
A,P_MHAB,BG	: 	: 	: 	: 	1.35 	1.79 	2.16 	2.27 	1.15 	2.34 	1.84 	1.27 	0.87 	0.37 	0.53 	1 	0.35 	0.97 	0.52 	0.93 	1.1 	0.97 	0.91 	1.96 	1.86 	2.73 	2.28 	3.03 	3.56 	1.61 	2.48 	2.12 	2.29 	3.58 	4.62 	5.47 e	6.55 e	4.43 be	4.34 e	4.13 e
A,P_MHAB,BR	: 	0.12 	0.09 	0.16 	0.13 	0.12 	0.13 	0.24 	0.08 	0.13 	0.14 	0.13 	0.28 	0.21 	0.32 	0.32 	0.24 	0.36 	0.32 	0.53 	0.47 	0.74 	0.68 	0.81 	0.76 	0.99 	1.08 	1.13 	1.22 	1.44 	1.52 	1.35 	1.17 	1.29 	1.29 	: 	: 	: 	: 	: 
A,P_MHAB,CA	: 	5.94 	8.28 	9.74 	12.59 	14.02 	14.97 	16.23 	17.38 	20.99 	20.8 	21.97 	19.75 	19.42 	20.82 	23.1 	24.91 	28.55 	32.02 	41.42 	46.77 	53.73 	55.08 	56.73 	58.36 	61.68 	72.15 	77.19 	75.12 	71.61 	65.05 	67.98 	69 	64.76 	65.45 	: 	: 	: 	: 	: 
A,P_MHAB,CH	: 	141.22 	163.36 	182.07 	191.22 	213.35 	232.36 	230.95 	222.32 	259.63 	264.31 	268.13 	252.74 	234.64 	253.16 	242.3 	247.67 	240.56 	267.3 	303.88 	336.61 	350.55 	380.45 	390.9 	367.75 	382.2 	417.68 	434.34 	432.87 	436.09 	417.17 	408.86 	431.08 	417.98 	407.55 	407.12 e	398.67 e	: 	: 	: 
A,P_MHAB,CY	: 	: 	: 	: 	: 	: 	: 	: 	: 	: 	: 	: 	: 	3.41 	4.15 	1.61 	6.32 	: 	: 	: 	2.96 	6.02 	8.98 	21.19 	9.81 	7.05 	8.3 	22.9 	8.51 	13.63 	14.49 	19.11 	9.36 	6.7 	2.9 	9.17 e	9.36 e	10.34 be	10.99 e	10.62 e
A,P_MHAB,CZ	: 	: 	: 	: 	: 	: 	: 	: 	: 	: 	: 	: 	: 	0.19 	1.66 	2 	2.3 	1.74 	3.08 	4.28 	6.24 	5.8 	6.48 	6.97 	8.93 	10.88 	11.01 	10.55 	14.96 	18.46 	20.27 	16.89 	18.41 	21.25 	22.08 	23.83 e	25.68 e	28.03 be	30.19 e	33.78 e
A,P_MHAB,DE	: 	81.31 	99.73 	106.56 	108.36 	127.63 	140.37 	152.3 	159.69 	180.16 	195.04 	195.93 	181.73 	141.02 	142.26 	144.56 	153.04 	159.64 	190.2 	213.46 	238.59 	255.85 	269.17 	266.7 	265.37 	269.16 	280.31 	291.7 	292.94 	296.38 	281.85 	285.84 	286.59 	280.89 	267.95 	261.24 e	256.97 e	259.00 be	245.06 e	228.81 e
A,P_MHAB,DK	: 	21.54 	29.29 	31.16 	30.21 	36.66 	42.85 	45.55 	43.51 	46.62 	59.82 	62.41 	64.43 	69.68 	76.09 	83.07 	92.32 	96.22 	119.17 	121.17 	151.28 	164.15 	184.54 	173.67 	179.96 	207.33 	206.33 	220.57 	210.05 	240.64 	238.63 	218.1 	232.97 	263.73 	236.21 	242.18 e	245.12 e	240.66 be	240.47 e	246.61 e
A,P_MHAB,EA18	: 	29.04 	35.36 	39.27 	41.11 	46.94 	51.49 	56.31 	59.51 	67.69 	73.18 	75.87 	72.21 	71.82 	71.39 	73.86 	77.48 	81.07 	94.45 	106.89 	116.59 	126.81 	133.29 	133.65 	133.37 	136.37 	142.87 	146.38 	148.36 	147.3 	142.63 	141.83 	140.48 	141.08 	138.19 	137.04 e	136.26 e	137.08 be	133.09 e	128.89 e
A,P_MHAB,EA19	: 	: 	: 	: 	: 	: 	: 	: 	: 	: 	: 	: 	: 	70.96 	70.54 	72.99 	76.58 	80.15 	93.37 	105.68 	115.28 	125.41 	131.84 	132.21 	131.96 	134.98 	141.41 	144.91 	146.91 	145.89 	141.3 	140.5 	139.21 	139.85 	137.06 	135.96 e	135.21 e	135.97 be	132.02 e	127.88 e
A,P_MHAB,EE	: 	: 	: 	: 	: 	: 	: 	: 	: 	: 	: 	: 	: 	: 	: 	: 	0.77 	2.07 	3.86 	4.27 	3.75 	5.28 	3.27 	6.58 	4.12 	8.29 	6.24 	4.69 	15.71 	21.01 	26.35 	33.65 	29.2 	20.98 	17.87 	21.14 e	18.42 e	29.14 be	25.08 e	27.60 e
A,P_MHAB,EL	: 	0.44 	0.68 	0.88 	0.85 	0.88 	1.38 	0.69 	1.43 	1.6 	1.96 	2.32 	2.52 	2.3 	3.46 	1.6 	2.91 	2.65 	3.49 	4.88 	5.61 	4.81 	5.23 	6.56 	7.07 	7.8 	6.06 	10.08 	9.62 	9.4 	8.51 	8.33 	5.89 	7.66 	9.16 	9.51 e	10.77 e	8.95 be	8.54 e	8.38 e
A,P_MHAB,ES	: 	0.7 	1.13 	1.32 	1.72 	2.73 	2.14 	3.25 	3.76 	4.5 	5.31 	6.33 	6.51 	8.24 	7.43 	9.35 	9.95 	9.79 	11.01 	14.79 	15.79 	18.44 	20.05 	21.69 	22.79 	23.02 	28.61 	31.5 	30.71 	31 	31.61 	33.15 	32.51 	31.72 	32.42 	32.38 e	32.54 e	35.06 be	35.35 e	35.56 e
A,P_MHAB,EU28	: 	23.58 	29.03 	32.63 	34.42 	38.91 	42.08 	45.87 	48.27 	53.69 	58.18 	59.72 	56.75 	56.28 	56.36 	58.38 	61.61 	64.69 	75.08 	84.51 	92.49 	100.92 	106.31 	105.41 	105.41 	107.97 	112.64 	115.67 	117.65 	117.56 	114.03 	113.16 	112.82 	113.87 	112.29 	112.03 e	111.97 e	112.55 be	109.71 e	106.84 e
A,P_MHAB,FI	: 	7.99 	18.08 	19.57 	18.68 	26.25 	33.47 	36.3 	43.37 	57.4 	65.31 	78.18 	85.31 	83.54 	103.32 	117.09 	134.81 	140.95 	168.04 	199.07 	229.43 	277.42 	277.53 	272.47 	249.03 	248.93 	270.09 	256.61 	257.11 	241.99 	238.89 	247.1 	260.13 	250.63 	303.24 	321.58 e	341.72 e	253.07 be	239.63 e	235.68 e
A,P_MHAB,FR	: 	39.06 	44.15 	51.1 	53.44 	57.14 	59.5 	66.16 	68.97 	78.11 	85.18 	88.86 	86.51 	84.41 	79 	81.25 	84.52 	86.7 	94.55 	104.7 	113.07 	119.86 	120.8 	119.77 	121.3 	128.63 	134.04 	133.66 	134.57 	135.82 	136.51 	134.62 	131.3 	137.34 	136.27 	136.86 e	138.74 e	144.48 be	143.19 e	141.85 e
A,P_MHAB,HR	: 	: 	: 	: 	: 	: 	: 	: 	: 	: 	: 	: 	: 	: 	1.56 	2.71 	2.65 	3.06 	2.29 	3.66 	4.3 	4.06 	3.45 	4.89 	8.55 	9.41 	7.45 	7.74 	8.24 	7.24 	6.7 	5.11 	7.05 	3.96 	4.53 	4.34 e	3.43 e	4.24 be	5.03 e	4.80 e
A,P_MHAB,HU	: 	3.73 	7.66 	11.16 	10.95 	11.52 	11.29 	10.65 	8.63 	10.74 	9.13 	8.83 	6.88 	5.31 	4.5 	4.84 	4.28 	5.41 	6.25 	7.12 	5.54 	11.01 	11.88 	9.83 	11.84 	13.14 	15.17 	13.43 	16.37 	18.99 	18.04 	18.38 	19.52 	22.19 	20.92 	21.76 e	22.51 e	20.82 be	20.47 e	20.08 e
A,P_MHAB,IE	: 	5.22 	7.29 	5.04 	6.62 	7.57 	10.36 	10.94 	13.67 	17.6 	13.44 	17.9 	17.88 	18.21 	20.85 	19.54 	23 	27.46 	30.42 	35.67 	50.49 	62.36 	54.61 	65.7 	57.79 	57.41 	67.81 	66.84 	69.3 	75.89 	73.66 	76.59 	71.24 	81.36 	68.35 	71.69 e	71.83 e	81.69 be	76.57 e	77.64 e
A,P_MHAB,IL	: 	7.74 	7.43 	9.56 	15.67 	23.7 	23.81 	26.22 	35.74 	34.7 	37.78 	47.74 	44.92 	47.89 	54.09 	57.71 	65.85 	66.45 	79.8 	110.97 	132.92 	136.06 	169.74 	150.84 	142.96 	161.01 	181.66 	207.76 	190.44 	176.78 	171.43 	156.39 	152.83 	143.29 	159.32 	160.08 e	: 	: 	: 	: 
A,P_MHAB,IN	: 	: 	0.02 	0.01 	0 	0.01 	0.02 	0.02 	0.02 	0.01 	0.03 	0.03 	0.03 	0.02 	0.03 	0.03 	0.02 	0.03 	0.05 	0.07 	0.12 	0.14 	0.17 	0.26 	0.42 	0.47 	0.47 	0.52 	0.5 	0.54 	0.6 	0.69 	0.82 	0.91 	0.92 	0.99 e	: 	: 	: 	: 
A,P_MHAB,IS	: 	: 	: 	8.72 	12.92 	5.65 	10.49 	15.92 	13.75 	5.12 	11.92 	15.68 	27.07 	40.06 	21.18 	23.17 	34.9 	41.84 	50.38 	59.14 	87.52 	130.39 	134.49 	74.75 	140.07 	106.84 	109.96 	113.05 	100.6 	80.61 	79.09 	80.78 	57.05 	71.31 	86.83 	88.24 e	97.74 e	: 	: 	: 
A,P_MHAB,IT	: 	6.38 	10.77 	14.32 	14.86 	18.47 	21.62 	25.73 	28.91 	34.16 	35.95 	40.49 	39.54 	40.65 	38.22 	39.91 	41.02 	43.6 	50.84 	55.44 	58.82 	65.63 	70.38 	70 	74.21 	76.95 	79.94 	84.86 	87.3 	84.63 	81.04 	75.09 	76.04 	74.36 	72.96 	72.07 e	69.67 e	71.88 be	69.93 e	68.46 e
A,P_MHAB,JP	: 	13.8 	23.06 	32.07 	35.94 	44.04 	53 	54.84 	61.56 	78.5 	90.96 	105.65 	105.16 	94.54 	88.07 	89.92 	88.16 	100.4 	114.31 	122.35 	129.68 	150.22 	174.14 	160.67 	165.37 	173.84 	182.14 	173.48 	171.62 	167.64 	152.04 	155.56 	171.21 	170.43 	165.44 	169.02 e	: 	: 	: 	: 
A,P_MHAB,KR	: 	: 	: 	: 	0.13 	0.08 	0.42 	0.47 	0.36 	0.44 	0.74 	1.45 	2.82 	3.83 	4.56 	6.82 	8.14 	10.19 	10.07 	14.44 	20.09 	22.67 	27.03 	34.6 	49.61 	70.13 	93.66 	108.1 	108.25 	97.11 	82.29 	99.36 	109.3 	107.77 	116.93 	122.8 e	127.37 e	: 	: 	: 
A,P_MHAB,LI	: 	: 	348.72 	389.85 	478.38 	448.45 	468.47 	642.8 	938.84 	538.34 	695.32 	851.64 	782.02 	838.04 	433.88 	578.55 	754.54 	441.41 	932.64 	615.55 	1261.17 	624.08 	739.53 	844.41 	770.17 	732.95 	694.29 	738.15 	904.45 	853.9 	1041.12 	839.59 	1222.21 	895.46 	759.42 	1513.38 e	1608.18 e	: 	: 	: 
A,P_MHAB,LT	: 	: 	: 	: 	: 	: 	: 	: 	: 	: 	: 	: 	: 	: 	: 	: 	: 	0.82 	0.41 	0.37 	0.19 	0.85 	1.34 	0.9 	0.77 	4.91 	3.27 	2.62 	2.94 	3.02 	5.25 	2.61 	5.06 	6.18 	10.84 	13.67 e	16.61 e	8.39 be	6.63 e	7.57 e
A,P_MHAB,LU	: 	62.28 	67.3 	104.07 	110.31 	79.57 	68.26 	84.79 	70.34 	43.41 	78.23 	46.07 	107.65 	73.41 	61.52 	87.3 	52.5 	70.95 	100.53 	122.2 	175.88 	146.2 	185.54 	166.24 	136.45 	194.45 	252.79 	213.36 	228.19 	154.94 	193.41 	151.23 	152.79 	136.37 	128.44 	121.03 e	111.16 e	116.12 be	106.66 e	93.94 e
A,P_MHAB,LV	: 	: 	: 	: 	: 	: 	: 	: 	: 	: 	: 	: 	: 	: 	: 	0.19 	: 	: 	: 	1.51 	1.93 	0.71 	3.77 	2.18 	2.94 	3.09 	4.31 	7.92 	7.37 	7.09 	10.39 	8.63 	7.44 	8.62 	13.26 	33.19 e	42.12 e	13.18 be	10.99 e	11.41 e
A,P_MHAB,MT	: 	: 	: 	: 	: 	: 	: 	: 	: 	: 	: 	: 	: 	: 	: 	2.75 	: 	: 	: 	5.35 	10.62 	13.21 	11.84 	13.92 	10.14 	8.18 	15 	27.94 	16.91 	16.84 	13.49 	18.98 	8.45 	0.8 	13.17 	11.56 e	12.53 e	16.90 be	14.76 e	14.40 e
A,P_MHAB,MX	: 	: 	0.11 	0.06 	0.05 	0.15 	0.04 	0.02 	0.13 	0.1 	0.14 	0.15 	0.16 	0.15 	0.12 	0.14 	0.14 	0.26 	0.22 	0.44 	0.37 	0.41 	0.29 	0.44 	0.52 	0.64 	0.56 	0.8 	0.76 	0.7 	0.66 	0.54 	0.57 	0.66 	0.58 	0.6 e	: 	: 	: 	: 
A,P_MHAB,NL	: 	37.24 	47.6 	55.56 	65.19 	70.65 	76.51 	79.89 	86.62 	99.33 	107.7 	111.96 	101.92 	94.75 	96.96 	97.13 	99.82 	114.1 	137.36 	154.64 	165.66 	187.86 	218.77 	245.54 	220.91 	216.29 	225.64 	215.7 	229.32 	204.68 	210.71 	209.52 	184.6 	207.11 	202.59 	200.72 e	206.23 e	207.10 be	203.33 e	203.59 e
A,P_MHAB,NO	: 	14.08 	12.56 	17.29 	18.65 	16.21 	28.52 	29.78 	29.29 	26.58 	35.88 	41.91 	30.87 	39.75 	46.16 	40.24 	42.31 	54.94 	62.04 	71.48 	76.02 	85.7 	89.87 	79.49 	87.63 	77.26 	86.85 	108.36 	105.29 	103.4 	96.2 	124.57 	108.21 	99.59 	104.91 	98.62 e	95.73 e	: 	: 	: 
A,P_MHAB,NZ	: 	5.69 	6.78 	6.91 	11.52 	16.07 	10.45 	12.91 	11.49 	9.72 	13.21 	11.37 	6.42 	13.91 	17.55 	15.67 	19.72 	18.66 	21.92 	31.31 	27.65 	38.57 	46.01 	39.02 	46.25 	54.63 	47.99 	40.96 	44.06 	41.15 	39.35 	35.38 	36.56 	38.87 	46.82 	50.53 e	54.6 e	: 	: 	: 
A,P_MHAB,PL	: 	: 	0.46 	0.26 	0.42 	0.87 	0.57 	0.52 	0.79 	0.63 	0.66 	0.4 	0.51 	0.5 	0.35 	0.46 	0.5 	0.38 	0.71 	0.74 	0.73 	0.94 	1.13 	1.53 	2.19 	2.87 	3.26 	3.35 	3.68 	5.29 	6.13 	7.65 	9.5 	10.11 	12.7 	14.38 e	16.02 e	15.22 be	16.52 e	18.08 e
A,P_MHAB,PT	: 	0.1 	0.31 	0.25 	0.32 	0.2 	0.44 	0.57 	0.63 	1.15 	0.84 	0.62 	0.78 	0.94 	1.06 	1.84 	1.39 	1.4 	1.88 	2.26 	2.65 	3.65 	4.1 	4.11 	3.8 	6.39 	5.59 	11.71 	10.13 	11.76 	11.09 	8.73 	8.99 	11.45 	10.64 	11.33 e	12.16 e	13.24 be	13.45 e	13.80 e
A,P_MHAB,RO	: 	: 	: 	: 	0.31 	0.04 	0.09 	0.04 	: 	: 	: 	: 	: 	0.17 	0.02 	0.22 	0.35 	0.33 	0.12 	0.36 	0.23 	0.34 	0.27 	0.46 	0.52 	0.75 	1.08 	1.34 	0.95 	1.54 	1.62 	1.52 	1.71 	2.99 	3.56 	4.25 e	5.11 e	4.71 be	5.01 e	5.07 e
A,P_MHAB,RU	: 	: 	: 	: 	: 	: 	: 	: 	: 	: 	: 	0.03 	0.03 	0.26 	0.79 	0.87 	0.93 	0.93 	1.15 	1.14 	1.44 	1.47 	1.55 	1.68 	1.28 	1.57 	1.69 	2.13 	1.91 	1.8 	1.76 	1.82 	2.36 	2.57 	2.46 	2.67 e	: 	: 	: 	: 
A,P_MHAB,SE	: 	52.89 	70.33 	83.57 	98.48 	102.26 	108.78 	115.61 	104.28 	108.53 	103.46 	111.82 	109.76 	107.26 	123.1 	130.11 	153.52 	172.71 	206.05 	233.73 	235.8 	249.83 	261.21 	242.24 	231.93 	230.01 	250.15 	271.29 	291.62 	312.59 	303.59 	283.69 	301.55 	300.6 	325.4 	338.95 e	350.41 e	300.15 be	294.42 e	283.46 e
A,P_MHAB,SI	: 	: 	: 	: 	: 	: 	: 	: 	: 	: 	: 	1 	2.5 	1.67 	6.63 	10.57 	10.14 	12.06 	9.21 	9.96 	19.66 	15.86 	24.71 	25.63 	41.79 	36.81 	56.04 	54.28 	50.13 	59.75 	69.1 	60.64 	51.91 	54.69 	61.65 	62.11 e	65.54 e	57.73 be	54.43 e	55.30 e
A,P_MHAB,SK	: 	: 	: 	: 	: 	: 	: 	: 	: 	: 	: 	: 	: 	: 	: 	: 	1.32 	1.29 	1.55 	2.36 	2.09 	2.86 	2.08 	2.28 	4.78 	5.84 	3.84 	5.83 	7.51 	7.24 	6.86 	5.36 	8.63 	10.17 	8.24 	9.19 e	9.39 e	7.73 be	9.99 e	10.14 e
A,P_MHAB,TR	: 	: 	: 	: 	0.02 	0.05 	0.07 	0.04 	0.06 	0.02 	0.05 	0.06 	0.07 	0.07 	0.01 	0.07 	0.06 	0.08 	0.24 	0.26 	0.48 	0.33 	0.67 	0.77 	1.01 	1.26 	1.76 	2.43 	2.74 	3.45 	3.65 	4.8 	6.69 	5.29 	6.01 	6.4 e	6.31 e	: 	: 	: 
A,P_MHAB,UK	: 	29.54 	36.79 	43.15 	46.11 	50.98 	51.93 	56.84 	62.11 	62.4 	70.45 	67.67 	62.33 	60.25 	59.63 	60.52 	63.47 	65.88 	72.61 	78.82 	89.01 	98.95 	103.48 	96.35 	95.27 	95.37 	94.07 	94.25 	95.8 	92.2 	87.56 	87.81 	85.64 	86.24 	84.87 	84.02 e	83.58 e	87.74 be	84.78 e	82.62 e
A,P_MHAB,US	14.26 	22.24 	28.28 	32.73 	39.31 	43.71 	45.18 	48.88 	50.67 	55.88 	61.9 	66.56 	69.52 	68.29 	68.99 	70.84 	74.33 	82.22 	86.6 	96.08 	104.03 	111.18 	113.76 	111.38 	115.86 	118.18 	123.09 	127.38 	118.22 	108.2 	102.18 	99.04 	98.49 	104.16 	108.45 	111.52 e	115.74 e	: 	: 	: 
A,P_MHAB,ZA	: 	1.13 	1.7 	2.28 	1.91 	2.64 	2.28 	2.16 	2.77 	2.08 	2.5 	2.41 	1.6 	1.68 	3.05 	2.38 	1.88 	1.92 	1.97 	3.21 	3.4 	3.15 	3.28 	2.66 	2.86 	3.19 	3.12 	2.86 	3.28 	2.73 	2.85 	2.34 	2.45 	2.48 	2.44 	: 	: 	: 	: 	: 
