indicatorId,geoUnit,year,type,subtype,value
RESDEN.INHAB.TFTE,AGO,2016,Change,Break in series,Break in series with previous year for which data are available
RESDEN.INHAB.TFTE,AGO,2016,Under Coverage,Partial data,Partial data
RESDEN.INHAB.TFTE,AGO,2016,Under Coverage,Sectors,Excluding Business enterprise
RESDEN.INHAB.TFTE,AGO,2016,Under Coverage,Sectors,Excluding Private non-profit
RESDEN.INHAB.TFTE,ALB,2008,Under Coverage,Partial data,Partial data
RESDEN.INHAB.TFTE,ARE,2018,Change,Break in series,Break in series with previous year for which data are available
RESDEN.INHAB.TFTE,ARM,2022,Under Coverage,Sectors,Excluding Business enterprise
RESDEN.INHAB.TFTE,ARM,2022,Under Coverage,Sectors,Excluding Private non-profit
RESDEN.INHAB.TFTE,ARM,2023,Under Coverage,Sectors,Excluding Business enterprise
RESDEN.INHAB.TFTE,ARM,2023,Under Coverage,Sectors,Excluding Private non-profit
RESDEN.INHAB.TFTE,ASM,2002,Under Coverage,Partial data,Partial data
RESDEN.INHAB.TFTE,ASM,2003,Change,Break in series,Break in series with previous year for which data are available
RESDEN.INHAB.TFTE,ASM,2003,Under Coverage,Partial data,Partial data
RESDEN.INHAB.TFTE,ASM,2004,Under Coverage,Partial data,Partial data
RESDEN.INHAB.TFTE,ASM,2005,Under Coverage,Partial data,Partial data
RESDEN.INHAB.TFTE,AUS,2010,Source,Estimation,National estimation or based on National estimation
RESDEN.INHAB.TFTE,AUT,1998,Change,Methodology,Do not correspond exactly to Frascati Manual recommendation
RESDEN.INHAB.TFTE,AUT,2002,Change,Methodology,Do not correspond exactly to Frascati Manual recommendation
RESDEN.INHAB.TFTE,AUT,2004,Change,Methodology,Do not correspond exactly to Frascati Manual recommendation
RESDEN.INHAB.TFTE,AUT,2005,Change,Methodology,Do not correspond exactly to Frascati Manual recommendation
RESDEN.INHAB.TFTE,AUT,2005,Source,Estimation,National estimation or based on National estimation
RESDEN.INHAB.TFTE,AUT,2006,Change,Methodology,Do not correspond exactly to Frascati Manual recommendation
RESDEN.INHAB.TFTE,AUT,2007,Change,Methodology,Do not correspond exactly to Frascati Manual recommendation
RESDEN.INHAB.TFTE,AUT,2008,Change,Methodology,Do not correspond exactly to Frascati Manual recommendation
RESDEN.INHAB.TFTE,AUT,2008,Source,Estimation,National estimation or based on National estimation
RESDEN.INHAB.TFTE,AUT,2009,Change,Methodology,Do not correspond exactly to Frascati Manual recommendation
RESDEN.INHAB.TFTE,AUT,2010,Change,Methodology,Do not correspond exactly to Frascati Manual recommendation
RESDEN.INHAB.TFTE,AUT,2010,Source,Estimation,National estimation or based on National estimation
RESDEN.INHAB.TFTE,AUT,2011,Change,Methodology,Do not correspond exactly to Frascati Manual recommendation
RESDEN.INHAB.TFTE,AUT,2012,Change,Methodology,Do not correspond exactly to Frascati Manual recommendation
RESDEN.INHAB.TFTE,AUT,2012,Source,Estimation,National estimation or based on National estimation
RESDEN.INHAB.TFTE,AUT,2013,Change,Methodology,Do not correspond exactly to Frascati Manual recommendation
RESDEN.INHAB.TFTE,AUT,2014,Change,Methodology,Do not correspond exactly to Frascati Manual recommendation
RESDEN.INHAB.TFTE,AUT,2014,Source,Estimation,National estimation or based on National estimation
RESDEN.INHAB.TFTE,AUT,2015,Change,Methodology,Do not correspond exactly to Frascati Manual recommendation
RESDEN.INHAB.TFTE,AUT,2016,Change,Methodology,Do not correspond exactly to Frascati Manual recommendation
RESDEN.INHAB.TFTE,AUT,2016,Source,Estimation,National estimation or based on National estimation
RESDEN.INHAB.TFTE,AUT,2017,Change,Methodology,Do not correspond exactly to Frascati Manual recommendation
RESDEN.INHAB.TFTE,AUT,2018,Change,Methodology,Do not correspond exactly to Frascati Manual recommendation
RESDEN.INHAB.TFTE,AUT,2018,Source,Estimation,National estimation or based on National estimation
RESDEN.INHAB.TFTE,AUT,2019,Change,Methodology,Do not correspond exactly to Frascati Manual recommendation
RESDEN.INHAB.TFTE,AUT,2020,Change,Methodology,Do not correspond exactly to Frascati Manual recommendation
RESDEN.INHAB.TFTE,AUT,2020,Source,Estimation,National estimation or based on National estimation
RESDEN.INHAB.TFTE,AUT,2021,Change,Methodology,Do not correspond exactly to Frascati Manual recommendation
RESDEN.INHAB.TFTE,AUT,2022,Change,Methodology,Do not correspond exactly to Frascati Manual recommendation
RESDEN.INHAB.TFTE,AUT,2022,Source,Estimation,National estimation or based on National estimation
RESDEN.INHAB.TFTE,AUT,2023,Change,Methodology,Do not correspond exactly to Frascati Manual recommendation
RESDEN.INHAB.TFTE,BDI,2012,Source,Data source,Source: Regional Publication
RESDEN.INHAB.TFTE,BDI,2012,Under Coverage,Partial data,Partial data
RESDEN.INHAB.TFTE,BDI,2018,Change,Break in series,Break in series with previous year for which data are available
RESDEN.INHAB.TFTE,BDI,2018,Under Coverage,Partial data,Partial data
RESDEN.INHAB.TFTE,BEL,1996,Change,Methodology,Do not correspond exactly to Frascati Manual recommendation
RESDEN.INHAB.TFTE,BEL,1997,Change,Methodology,Do not correspond exactly to Frascati Manual recommendation
RESDEN.INHAB.TFTE,BEL,1998,Change,Methodology,Do not correspond exactly to Frascati Manual recommendation
RESDEN.INHAB.TFTE,BEL,1999,Change,Methodology,Do not correspond exactly to Frascati Manual recommendation
RESDEN.INHAB.TFTE,BEL,2000,Change,Methodology,Do not correspond exactly to Frascati Manual recommendation
RESDEN.INHAB.TFTE,BEL,2001,Change,Methodology,Do not correspond exactly to Frascati Manual recommendation
RESDEN.INHAB.TFTE,BEL,2002,Change,Methodology,Do not correspond exactly to Frascati Manual recommendation
RESDEN.INHAB.TFTE,BEL,2003,Change,Methodology,Do not correspond exactly to Frascati Manual recommendation
RESDEN.INHAB.TFTE,BEL,2004,Change,Methodology,Do not correspond exactly to Frascati Manual recommendation
RESDEN.INHAB.TFTE,BEL,2005,Change,Methodology,Do not correspond exactly to Frascati Manual recommendation
RESDEN.INHAB.TFTE,BEL,2006,Change,Methodology,Do not correspond exactly to Frascati Manual recommendation
RESDEN.INHAB.TFTE,BEL,2007,Change,Methodology,Do not correspond exactly to Frascati Manual recommendation
RESDEN.INHAB.TFTE,BEL,2008,Change,Methodology,Do not correspond exactly to Frascati Manual recommendation
RESDEN.INHAB.TFTE,BEL,2009,Change,Methodology,Do not correspond exactly to Frascati Manual recommendation
RESDEN.INHAB.TFTE,BEL,2010,Change,Methodology,Do not correspond exactly to Frascati Manual recommendation
RESDEN.INHAB.TFTE,BEL,2011,Change,Methodology,Do not correspond exactly to Frascati Manual recommendation
RESDEN.INHAB.TFTE,BEL,2012,Change,Methodology,Do not correspond exactly to Frascati Manual recommendation
RESDEN.INHAB.TFTE,BEL,2013,Change,Methodology,Do not correspond exactly to Frascati Manual recommendation
RESDEN.INHAB.TFTE,BEL,2014,Change,Methodology,Do not correspond exactly to Frascati Manual recommendation
RESDEN.INHAB.TFTE,BEL,2015,Change,Break in series,Break in series with previous year for which data are available
RESDEN.INHAB.TFTE,BEL,2015,Change,Methodology,Do not correspond exactly to Frascati Manual recommendation
RESDEN.INHAB.TFTE,BEL,2016,Change,Methodology,Do not correspond exactly to Frascati Manual recommendation
RESDEN.INHAB.TFTE,BEL,2016,Source,Estimation,National estimation or based on National estimation
RESDEN.INHAB.TFTE,BEL,2017,Change,Methodology,Do not correspond exactly to Frascati Manual recommendation
RESDEN.INHAB.TFTE,BEL,2018,Change,Methodology,Do not correspond exactly to Frascati Manual recommendation
RESDEN.INHAB.TFTE,BEL,2019,Change,Methodology,Do not correspond exactly to Frascati Manual recommendation
RESDEN.INHAB.TFTE,BEL,2020,Change,Methodology,Do not correspond exactly to Frascati Manual recommendation
RESDEN.INHAB.TFTE,BEL,2021,Change,Methodology,Do not correspond exactly to Frascati Manual recommendation
RESDEN.INHAB.TFTE,BEL,2022,Change,Methodology,Do not correspond exactly to Frascati Manual recommendation
RESDEN.INHAB.TFTE,BEL,2023,Change,Methodology,Do not correspond exactly to Frascati Manual recommendation
RESDEN.INHAB.TFTE,BFA,2010,Change,Break in series,Break in series with previous year for which data are available
RESDEN.INHAB.TFTE,BIH,2003,Under Coverage,Partial data,Partial data
RESDEN.INHAB.TFTE,BIH,2004,Under Coverage,Partial data,Partial data
RESDEN.INHAB.TFTE,BIH,2005,Under Coverage,Partial data,Partial data
RESDEN.INHAB.TFTE,BIH,2006,Change,Break in series,Break in series with previous year for which data are available
RESDEN.INHAB.TFTE,BIH,2006,Under Coverage,Partial data,Partial data
RESDEN.INHAB.TFTE,BIH,2007,Under Coverage,Partial data,Partial data
RESDEN.INHAB.TFTE,BIH,2012,Change,Break in series,Break in series with previous year for which data are available
RESDEN.INHAB.TFTE,BIH,2019,Change,Break in series,Break in series with previous year for which data are available
RESDEN.INHAB.TFTE,BOL,2001,Change,Break in series,Break in series with previous year for which data are available
RESDEN.INHAB.TFTE,BOL,2009,Change,Break in series,Break in series with previous year for which data are available
RESDEN.INHAB.TFTE,BOL,2017,Change,Break in series,Break in series with previous year for which data are available
RESDEN.INHAB.TFTE,BRA,2000,Change,Breakdowns,The sum of the breakdown does not add to the total
RESDEN.INHAB.TFTE,BRA,2001,Change,Breakdowns,The sum of the breakdown does not add to the total
RESDEN.INHAB.TFTE,BRA,2002,Change,Breakdowns,The sum of the breakdown does not add to the total
RESDEN.INHAB.TFTE,BRA,2003,Change,Breakdowns,The sum of the breakdown does not add to the total
RESDEN.INHAB.TFTE,BRA,2004,Change,Breakdowns,The sum of the breakdown does not add to the total
RESDEN.INHAB.TFTE,BRA,2005,Change,Breakdowns,The sum of the breakdown does not add to the total
RESDEN.INHAB.TFTE,BRA,2006,Change,Breakdowns,The sum of the breakdown does not add to the total
RESDEN.INHAB.TFTE,BRA,2007,Change,Breakdowns,The sum of the breakdown does not add to the total
RESDEN.INHAB.TFTE,BRA,2008,Change,Breakdowns,The sum of the breakdown does not add to the total
RESDEN.INHAB.TFTE,BRA,2009,Change,Breakdowns,The sum of the breakdown does not add to the total
RESDEN.INHAB.TFTE,BRA,2010,Change,Breakdowns,The sum of the breakdown does not add to the total
RESDEN.INHAB.TFTE,BRA,2011,Change,Breakdowns,The sum of the breakdown does not add to the total
RESDEN.INHAB.TFTE,BRA,2012,Change,Breakdowns,The sum of the breakdown does not add to the total
RESDEN.INHAB.TFTE,BRA,2013,Change,Breakdowns,The sum of the breakdown does not add to the total
RESDEN.INHAB.TFTE,BRA,2014,Change,Breakdowns,The sum of the breakdown does not add to the total
RESDEN.INHAB.TFTE,BRN,2002,Source,Data source,Source: Regional Publication
RESDEN.INHAB.TFTE,BRN,2002,Under Coverage,Partial data,Partial data
RESDEN.INHAB.TFTE,BRN,2003,Source,Data source,Source: Regional Publication
RESDEN.INHAB.TFTE,BRN,2003,Under Coverage,Partial data,Partial data
RESDEN.INHAB.TFTE,BRN,2004,Change,Break in series,Break in series with previous year for which data are available
RESDEN.INHAB.TFTE,BRN,2004,Under Coverage,Partial data,Partial data
RESDEN.INHAB.TFTE,BRN,2022,Change,Break in series,Break in series with previous year for which data are available
RESDEN.INHAB.TFTE,BRN,2022,Under Coverage,Sectors,Higher Education only
RESDEN.INHAB.TFTE,BTN,2023,Under Coverage,Sectors,Excluding Private non-profit
RESDEN.INHAB.TFTE,BWA,2012,Change,Break in series,Break in series with previous year for which data are available
RESDEN.INHAB.TFTE,CAN,2014,Change,Break in series,Break in series with previous year for which data are available
RESDEN.INHAB.TFTE,CHL,2007,Change,Methodology,Do not correspond exactly to Frascati Manual recommendation
RESDEN.INHAB.TFTE,CHL,2008,Change,Methodology,Do not correspond exactly to Frascati Manual recommendation
RESDEN.INHAB.TFTE,CHL,2009,Change,Methodology,Do not correspond exactly to Frascati Manual recommendation
RESDEN.INHAB.TFTE,CHL,2009,Under Coverage,Underestimated,Underestimated or based on underestimated data
RESDEN.INHAB.TFTE,CHL,2010,Change,Methodology,Do not correspond exactly to Frascati Manual recommendation
RESDEN.INHAB.TFTE,CHL,2010,Under Coverage,Underestimated,Underestimated or based on underestimated data
RESDEN.INHAB.TFTE,CHL,2011,Change,Methodology,Do not correspond exactly to Frascati Manual recommendation
RESDEN.INHAB.TFTE,CHL,2012,Change,Methodology,Do not correspond exactly to Frascati Manual recommendation
RESDEN.INHAB.TFTE,CHL,2013,Change,Methodology,Do not correspond exactly to Frascati Manual recommendation
RESDEN.INHAB.TFTE,CHL,2014,Change,Methodology,Do not correspond exactly to Frascati Manual recommendation
RESDEN.INHAB.TFTE,CHL,2015,Change,Methodology,Do not correspond exactly to Frascati Manual recommendation
RESDEN.INHAB.TFTE,CHL,2016,Change,Methodology,Do not correspond exactly to Frascati Manual recommendation
RESDEN.INHAB.TFTE,CHL,2017,Change,Methodology,Do not correspond exactly to Frascati Manual recommendation
RESDEN.INHAB.TFTE,CHL,2018,Change,Methodology,Do not correspond exactly to Frascati Manual recommendation
RESDEN.INHAB.TFTE,CHL,2018,Source,Estimation,National estimation or based on National estimation
RESDEN.INHAB.TFTE,CHL,2019,Change,Methodology,Do not correspond exactly to Frascati Manual recommendation
RESDEN.INHAB.TFTE,CHL,2019,Source,Estimation,National estimation or based on National estimation
RESDEN.INHAB.TFTE,CHL,2020,Change,Methodology,Do not correspond exactly to Frascati Manual recommendation
RESDEN.INHAB.TFTE,CHL,2020,Source,Estimation,National estimation or based on National estimation
RESDEN.INHAB.TFTE,CHL,2021,Change,Break in series,Break in series with previous year for which data are available
RESDEN.INHAB.TFTE,CHL,2021,Change,Methodology,Do not correspond exactly to Frascati Manual recommendation
RESDEN.INHAB.TFTE,CHL,2022,Change,Methodology,Do not correspond exactly to Frascati Manual recommendation
RESDEN.INHAB.TFTE,CHN,1996,Change,Methodology,Do not correspond exactly to Frascati Manual recommendation
RESDEN.INHAB.TFTE,CHN,1996,Under Coverage,Underestimated,Underestimated or based on underestimated data
RESDEN.INHAB.TFTE,CHN,1997,Change,Methodology,Do not correspond exactly to Frascati Manual recommendation
RESDEN.INHAB.TFTE,CHN,1997,Under Coverage,Underestimated,Underestimated or based on underestimated data
RESDEN.INHAB.TFTE,CHN,1998,Change,Methodology,Do not correspond exactly to Frascati Manual recommendation
RESDEN.INHAB.TFTE,CHN,1998,Under Coverage,Underestimated,Underestimated or based on underestimated data
RESDEN.INHAB.TFTE,CHN,1999,Change,Methodology,Do not correspond exactly to Frascati Manual recommendation
RESDEN.INHAB.TFTE,CHN,1999,Under Coverage,Underestimated,Underestimated or based on underestimated data
RESDEN.INHAB.TFTE,CHN,2000,Change,Break in series,Break in series with previous year for which data are available
RESDEN.INHAB.TFTE,CHN,2000,Change,Methodology,Do not correspond exactly to Frascati Manual recommendation
RESDEN.INHAB.TFTE,CHN,2001,Change,Methodology,Do not correspond exactly to Frascati Manual recommendation
RESDEN.INHAB.TFTE,CHN,2002,Change,Methodology,Do not correspond exactly to Frascati Manual recommendation
RESDEN.INHAB.TFTE,CHN,2003,Change,Methodology,Do not correspond exactly to Frascati Manual recommendation
RESDEN.INHAB.TFTE,CHN,2004,Change,Methodology,Do not correspond exactly to Frascati Manual recommendation
RESDEN.INHAB.TFTE,CHN,2005,Change,Methodology,Do not correspond exactly to Frascati Manual recommendation
RESDEN.INHAB.TFTE,CHN,2006,Change,Methodology,Do not correspond exactly to Frascati Manual recommendation
RESDEN.INHAB.TFTE,CHN,2007,Change,Methodology,Do not correspond exactly to Frascati Manual recommendation
RESDEN.INHAB.TFTE,CHN,2008,Change,Methodology,Do not correspond exactly to Frascati Manual recommendation
RESDEN.INHAB.TFTE,CHN,2009,Change,Break in series,Break in series with previous year for which data are available
RESDEN.INHAB.TFTE,CIV,2005,Under Coverage,Partial data,Partial data
RESDEN.INHAB.TFTE,COD,2015,Under Coverage,Partial data,Partial data
RESDEN.INHAB.TFTE,COD,2015,Under Coverage,Sectors,Excluding Business enterprise
RESDEN.INHAB.TFTE,COG,1996,Under Coverage,Partial data,Partial data
RESDEN.INHAB.TFTE,COG,1997,Under Coverage,Partial data,Partial data
RESDEN.INHAB.TFTE,COG,1998,Under Coverage,Partial data,Partial data
RESDEN.INHAB.TFTE,COG,1999,Under Coverage,Partial data,Partial data
RESDEN.INHAB.TFTE,COG,2000,Under Coverage,Partial data,Partial data
RESDEN.INHAB.TFTE,COG,2022,Provisional data,Provisional data,Provisional data
RESDEN.INHAB.TFTE,COG,2022,Under Coverage,Sectors,Higher Education only
RESDEN.INHAB.TFTE,CPV,2001,Under Coverage,Partial data,Partial data
RESDEN.INHAB.TFTE,CPV,2002,Under Coverage,Partial data,Partial data
RESDEN.INHAB.TFTE,CPV,2011,Change,Break in series,Break in series with previous year for which data are available
RESDEN.INHAB.TFTE,CPV,2011,Source,Data source,Source: Regional Publication
RESDEN.INHAB.TFTE,CPV,2011,Under Coverage,Partial data,Partial data
RESDEN.INHAB.TFTE,CPV,2011,Under Coverage,Sectors,Higher Education only
RESDEN.INHAB.TFTE,CPV,2014,Source,Data source,Source: Regional Publication
RESDEN.INHAB.TFTE,CPV,2014,Under Coverage,Sectors,Excluding Business enterprise
RESDEN.INHAB.TFTE,CPV,2014,Under Coverage,Sectors,Excluding Private non-profit
RESDEN.INHAB.TFTE,CRI,2009,Under Coverage,Sectors,Excluding Business enterprise
RESDEN.INHAB.TFTE,CRI,2010,Under Coverage,Sectors,Excluding Business enterprise
RESDEN.INHAB.TFTE,CRI,2011,Under Coverage,Sectors,Excluding Business enterprise
RESDEN.INHAB.TFTE,CRI,2012,Change,Break in series,Break in series with previous year for which data are available
RESDEN.INHAB.TFTE,CRI,2012,Under Coverage,Sectors,Excluding Business enterprise
RESDEN.INHAB.TFTE,CRI,2013,Under Coverage,Sectors,Excluding Business enterprise
RESDEN.INHAB.TFTE,CRI,2014,Under Coverage,Sectors,Excluding Business enterprise
RESDEN.INHAB.TFTE,CRI,2015,Under Coverage,Sectors,Excluding Business enterprise
RESDEN.INHAB.TFTE,CRI,2016,Under Coverage,Sectors,Excluding Business enterprise
RESDEN.INHAB.TFTE,CRI,2017,Under Coverage,Sectors,Excluding Business enterprise
RESDEN.INHAB.TFTE,CRI,2018,Under Coverage,Sectors,Excluding Business enterprise
RESDEN.INHAB.TFTE,CUB,2023,Provisional data,Provisional data,Provisional data
RESDEN.INHAB.TFTE,CZE,2005,Change,Break in series,Break in series with previous year for which data are available
RESDEN.INHAB.TFTE,DEU,1996,Source,Estimation,National estimation or based on National estimation
RESDEN.INHAB.TFTE,DEU,1998,Source,Estimation,National estimation or based on National estimation
RESDEN.INHAB.TFTE,DEU,2000,Source,Estimation,National estimation or based on National estimation
RESDEN.INHAB.TFTE,DEU,2002,Source,Estimation,National estimation or based on National estimation
RESDEN.INHAB.TFTE,DEU,2008,Source,Estimation,National estimation or based on National estimation
RESDEN.INHAB.TFTE,DEU,2010,Source,Estimation,National estimation or based on National estimation
RESDEN.INHAB.TFTE,DNK,1996,Change,Methodology,Do not correspond exactly to Frascati Manual recommendation
RESDEN.INHAB.TFTE,DNK,1996,Source,Estimation,National estimation or based on National estimation
RESDEN.INHAB.TFTE,DNK,1997,Change,Methodology,Do not correspond exactly to Frascati Manual recommendation
RESDEN.INHAB.TFTE,DNK,1999,Change,Methodology,Do not correspond exactly to Frascati Manual recommendation
RESDEN.INHAB.TFTE,DNK,2001,Change,Methodology,Do not correspond exactly to Frascati Manual recommendation
RESDEN.INHAB.TFTE,DNK,2002,Change,Break in series,Break in series with previous year for which data are available
RESDEN.INHAB.TFTE,DNK,2007,Change,Break in series,Break in series with previous year for which data are available
RESDEN.INHAB.TFTE,DNK,2008,Source,Estimation,National estimation or based on National estimation
RESDEN.INHAB.TFTE,DNK,2019,Provisional data,Provisional data,Provisional data
RESDEN.INHAB.TFTE,DNK,2020,Provisional data,Provisional data,Provisional data
RESDEN.INHAB.TFTE,DNK,2021,Provisional data,Provisional data,Provisional data
RESDEN.INHAB.TFTE,DNK,2022,Change,Methodology,Do not correspond exactly to Frascati Manual recommendation
RESDEN.INHAB.TFTE,DNK,2023,Change,Methodology,Do not correspond exactly to Frascati Manual recommendation
RESDEN.INHAB.TFTE,DOM,2020,Under Coverage,Sectors,Higher Education only
RESDEN.INHAB.TFTE,DOM,2021,Under Coverage,Sectors,Higher Education only
RESDEN.INHAB.TFTE,DOM,2022,Under Coverage,Sectors,Higher Education only
RESDEN.INHAB.TFTE,DZA,2005,Under Coverage,Partial data,Partial data
RESDEN.INHAB.TFTE,DZA,2017,Change,Break in series,Break in series with previous year for which data are available
RESDEN.INHAB.TFTE,DZA,2023,Change,Break in series,Break in series with previous year for which data are available
RESDEN.INHAB.TFTE,DZA,2023,Under Coverage,Sectors,Excluding Private non-profit
RESDEN.INHAB.TFTE,ECU,2001,Change,Break in series,Break in series with previous year for which data are available
RESDEN.INHAB.TFTE,ECU,2006,Change,Break in series,Break in series with previous year for which data are available
RESDEN.INHAB.TFTE,ECU,2012,Change,Break in series,Break in series with previous year for which data are available
RESDEN.INHAB.TFTE,EGY,2007,Under Coverage,Partial data,Partial data
RESDEN.INHAB.TFTE,EGY,2008,Under Coverage,Partial data,Partial data
RESDEN.INHAB.TFTE,EGY,2009,Under Coverage,Partial data,Partial data
RESDEN.INHAB.TFTE,EGY,2010,Under Coverage,Partial data,Partial data
RESDEN.INHAB.TFTE,EGY,2010,Under Coverage,Sectors,Excluding Private non-profit
RESDEN.INHAB.TFTE,EGY,2011,Under Coverage,Partial data,Partial data
RESDEN.INHAB.TFTE,EGY,2012,Under Coverage,Sectors,Excluding Business enterprise
RESDEN.INHAB.TFTE,EGY,2012,Under Coverage,Sectors,Excluding Private non-profit
RESDEN.INHAB.TFTE,EGY,2013,Under Coverage,Sectors,Excluding Business enterprise
RESDEN.INHAB.TFTE,EGY,2013,Under Coverage,Sectors,Excluding Private non-profit
RESDEN.INHAB.TFTE,EGY,2014,Under Coverage,Sectors,Excluding Private non-profit
RESDEN.INHAB.TFTE,ESP,1996,Source,Estimation,National estimation or based on National estimation
RESDEN.INHAB.TFTE,ESP,1998,Source,Estimation,National estimation or based on National estimation
RESDEN.INHAB.TFTE,ESP,2008,Change,Break in series,Break in series with previous year for which data are available
RESDEN.INHAB.TFTE,ESP,2008,Change,Methodology,Do not correspond exactly to Frascati Manual recommendation
RESDEN.INHAB.TFTE,ESP,2009,Change,Methodology,Do not correspond exactly to Frascati Manual recommendation
RESDEN.INHAB.TFTE,ESP,2010,Change,Methodology,Do not correspond exactly to Frascati Manual recommendation
RESDEN.INHAB.TFTE,ESP,2011,Change,Methodology,Do not correspond exactly to Frascati Manual recommendation
RESDEN.INHAB.TFTE,ESP,2012,Change,Methodology,Do not correspond exactly to Frascati Manual recommendation
RESDEN.INHAB.TFTE,ESP,2013,Change,Methodology,Do not correspond exactly to Frascati Manual recommendation
RESDEN.INHAB.TFTE,ESP,2014,Change,Methodology,Do not correspond exactly to Frascati Manual recommendation
RESDEN.INHAB.TFTE,ESP,2015,Change,Methodology,Do not correspond exactly to Frascati Manual recommendation
RESDEN.INHAB.TFTE,ESP,2016,Change,Methodology,Do not correspond exactly to Frascati Manual recommendation
RESDEN.INHAB.TFTE,ESP,2017,Change,Methodology,Do not correspond exactly to Frascati Manual recommendation
RESDEN.INHAB.TFTE,ESP,2018,Change,Methodology,Do not correspond exactly to Frascati Manual recommendation
RESDEN.INHAB.TFTE,ESP,2019,Change,Methodology,Do not correspond exactly to Frascati Manual recommendation
RESDEN.INHAB.TFTE,ESP,2020,Change,Methodology,Do not correspond exactly to Frascati Manual recommendation
RESDEN.INHAB.TFTE,ESP,2021,Change,Methodology,Do not correspond exactly to Frascati Manual recommendation
RESDEN.INHAB.TFTE,ESP,2022,Change,Methodology,Do not correspond exactly to Frascati Manual recommendation
RESDEN.INHAB.TFTE,ESP,2023,Change,Methodology,Do not correspond exactly to Frascati Manual recommendation
RESDEN.INHAB.TFTE,ETH,2010,Change,Break in series,Break in series with previous year for which data are available
RESDEN.INHAB.TFTE,FIN,2011,Change,Break in series,Break in series with previous year for which data are available
RESDEN.INHAB.TFTE,FRA,1997,Change,Break in series,Break in series with previous year for which data are available
RESDEN.INHAB.TFTE,FRA,2000,Change,Break in series,Break in series with previous year for which data are available
RESDEN.INHAB.TFTE,FRA,2008,Change,Methodology,Do not correspond exactly to Frascati Manual recommendation
RESDEN.INHAB.TFTE,FRA,2009,Change,Methodology,Do not correspond exactly to Frascati Manual recommendation
RESDEN.INHAB.TFTE,FRA,2010,Change,Break in series,Break in series with previous year for which data are available
RESDEN.INHAB.TFTE,FRA,2012,Source,Estimation,National estimation or based on National estimation
RESDEN.INHAB.TFTE,FRA,2013,Source,Estimation,National estimation or based on National estimation
RESDEN.INHAB.TFTE,FRA,2014,Change,Break in series,Break in series with previous year for which data are available
RESDEN.INHAB.TFTE,GBR,1999,Source,Estimation,National estimation or based on National estimation
RESDEN.INHAB.TFTE,GBR,2000,Source,Estimation,National estimation or based on National estimation
RESDEN.INHAB.TFTE,GBR,2001,Source,Estimation,National estimation or based on National estimation
RESDEN.INHAB.TFTE,GBR,2002,Source,Estimation,National estimation or based on National estimation
RESDEN.INHAB.TFTE,GBR,2003,Source,Estimation,National estimation or based on National estimation
RESDEN.INHAB.TFTE,GBR,2004,Source,Estimation,National estimation or based on National estimation
RESDEN.INHAB.TFTE,GBR,2005,Change,Break in series,Break in series with previous year for which data are available
RESDEN.INHAB.TFTE,GBR,2005,Source,Estimation,National estimation or based on National estimation
RESDEN.INHAB.TFTE,GBR,2006,Source,Estimation,National estimation or based on National estimation
RESDEN.INHAB.TFTE,GBR,2007,Source,Estimation,National estimation or based on National estimation
RESDEN.INHAB.TFTE,GBR,2008,Source,Estimation,National estimation or based on National estimation
RESDEN.INHAB.TFTE,GBR,2009,Source,Estimation,National estimation or based on National estimation
RESDEN.INHAB.TFTE,GBR,2010,Source,Estimation,National estimation or based on National estimation
RESDEN.INHAB.TFTE,GBR,2012,Source,Estimation,National estimation or based on National estimation
RESDEN.INHAB.TFTE,GBR,2014,Source,Estimation,National estimation or based on National estimation
RESDEN.INHAB.TFTE,GBR,2016,Source,Estimation,National estimation or based on National estimation
RESDEN.INHAB.TFTE,GEO,2013,Under Coverage,Partial data,Partial data
RESDEN.INHAB.TFTE,GEO,2013,Under Coverage,Sectors,Higher Education only
RESDEN.INHAB.TFTE,GEO,2014,Change,Break in series,Break in series with previous year for which data are available
RESDEN.INHAB.TFTE,GEO,2014,Under Coverage,Partial data,Partial data
RESDEN.INHAB.TFTE,GEO,2014,Under Coverage,Sectors,Excluding Business enterprise
RESDEN.INHAB.TFTE,GEO,2014,Under Coverage,Sectors,Excluding Private non-profit
RESDEN.INHAB.TFTE,GEO,2015,Under Coverage,Partial data,Partial data
RESDEN.INHAB.TFTE,GEO,2015,Under Coverage,Sectors,Excluding Business enterprise
RESDEN.INHAB.TFTE,GEO,2015,Under Coverage,Sectors,Excluding Private non-profit
RESDEN.INHAB.TFTE,GEO,2016,Under Coverage,Partial data,Partial data
RESDEN.INHAB.TFTE,GEO,2016,Under Coverage,Sectors,Excluding Business enterprise
RESDEN.INHAB.TFTE,GEO,2016,Under Coverage,Sectors,Excluding Private non-profit
RESDEN.INHAB.TFTE,GEO,2017,Under Coverage,Partial data,Partial data
RESDEN.INHAB.TFTE,GEO,2017,Under Coverage,Sectors,Excluding Business enterprise
RESDEN.INHAB.TFTE,GEO,2017,Under Coverage,Sectors,Excluding Private non-profit
RESDEN.INHAB.TFTE,GEO,2018,Under Coverage,Partial data,Partial data
RESDEN.INHAB.TFTE,GEO,2018,Under Coverage,Sectors,Excluding Business enterprise
RESDEN.INHAB.TFTE,GEO,2018,Under Coverage,Sectors,Excluding Private non-profit
RESDEN.INHAB.TFTE,GEO,2019,Under Coverage,Sectors,Excluding Business enterprise
RESDEN.INHAB.TFTE,GEO,2019,Under Coverage,Sectors,Excluding Private non-profit
RESDEN.INHAB.TFTE,GEO,2020,Under Coverage,Sectors,Excluding Business enterprise
RESDEN.INHAB.TFTE,GEO,2020,Under Coverage,Sectors,Excluding Private non-profit
RESDEN.INHAB.TFTE,GEO,2021,Under Coverage,Sectors,Excluding Business enterprise
RESDEN.INHAB.TFTE,GEO,2021,Under Coverage,Sectors,Excluding Private non-profit
RESDEN.INHAB.TFTE,GEO,2022,Under Coverage,Sectors,Excluding Business enterprise
RESDEN.INHAB.TFTE,GEO,2022,Under Coverage,Sectors,Excluding Private non-profit
RESDEN.INHAB.TFTE,GEO,2023,Under Coverage,Sectors,Excluding Business enterprise
RESDEN.INHAB.TFTE,GEO,2023,Under Coverage,Sectors,Excluding Private non-profit
RESDEN.INHAB.TFTE,GHA,2007,Source,Data source,Source: Regional Publication
RESDEN.INHAB.TFTE,GHA,2010,Change,Break in series,Break in series with previous year for which data are available
RESDEN.INHAB.TFTE,GHA,2010,Source,Data source,Source: Regional Publication
RESDEN.INHAB.TFTE,GHA,2015,Change,Break in series,Break in series with previous year for which data are available
RESDEN.INHAB.TFTE,GHA,2015,Under Coverage,Partial data,Partial data
RESDEN.INHAB.TFTE,GHA,2015,Under Coverage,Sectors,Excluding Business enterprise
RESDEN.INHAB.TFTE,GHA,2015,Under Coverage,Sectors,Excluding Private non-profit
RESDEN.INHAB.TFTE,GMB,2011,Change,Break in series,Break in series with previous year for which data are available
RESDEN.INHAB.TFTE,GMB,2011,Under Coverage,Partial data,Partial data
RESDEN.INHAB.TFTE,GMB,2018,Change,Break in series,Break in series with previous year for which data are available
RESDEN.INHAB.TFTE,GMB,2018,Under Coverage,Sectors,Excluding Business enterprise
RESDEN.INHAB.TFTE,GMB,2018,Under Coverage,Sectors,Excluding Higher Education
RESDEN.INHAB.TFTE,GRC,1997,Change,Methodology,Do not correspond exactly to Frascati Manual recommendation
RESDEN.INHAB.TFTE,GRC,1999,Change,Methodology,Do not correspond exactly to Frascati Manual recommendation
RESDEN.INHAB.TFTE,GRC,2001,Change,Methodology,Do not correspond exactly to Frascati Manual recommendation
RESDEN.INHAB.TFTE,GRC,2003,Change,Methodology,Do not correspond exactly to Frascati Manual recommendation
RESDEN.INHAB.TFTE,GRC,2005,Change,Methodology,Do not correspond exactly to Frascati Manual recommendation
RESDEN.INHAB.TFTE,GRC,2006,Change,Methodology,Do not correspond exactly to Frascati Manual recommendation
RESDEN.INHAB.TFTE,GRC,2006,Source,Estimation,National estimation or based on National estimation
RESDEN.INHAB.TFTE,GRC,2007,Change,Methodology,Do not correspond exactly to Frascati Manual recommendation
RESDEN.INHAB.TFTE,GRC,2007,Source,Estimation,National estimation or based on National estimation
RESDEN.INHAB.TFTE,GRC,2011,Change,Break in series,Break in series with previous year for which data are available
RESDEN.INHAB.TFTE,GRC,2011,Change,Methodology,Do not correspond exactly to Frascati Manual recommendation
RESDEN.INHAB.TFTE,GRC,2012,Change,Methodology,Do not correspond exactly to Frascati Manual recommendation
RESDEN.INHAB.TFTE,GRC,2013,Change,Methodology,Do not correspond exactly to Frascati Manual recommendation
RESDEN.INHAB.TFTE,GRC,2014,Change,Methodology,Do not correspond exactly to Frascati Manual recommendation
RESDEN.INHAB.TFTE,GRC,2015,Change,Methodology,Do not correspond exactly to Frascati Manual recommendation
RESDEN.INHAB.TFTE,GRC,2016,Change,Methodology,Do not correspond exactly to Frascati Manual recommendation
RESDEN.INHAB.TFTE,GRC,2017,Change,Methodology,Do not correspond exactly to Frascati Manual recommendation
RESDEN.INHAB.TFTE,GRC,2018,Change,Methodology,Do not correspond exactly to Frascati Manual recommendation
RESDEN.INHAB.TFTE,GRC,2019,Change,Methodology,Do not correspond exactly to Frascati Manual recommendation
RESDEN.INHAB.TFTE,GRC,2020,Change,Methodology,Do not correspond exactly to Frascati Manual recommendation
RESDEN.INHAB.TFTE,GRC,2021,Change,Methodology,Do not correspond exactly to Frascati Manual recommendation
RESDEN.INHAB.TFTE,GRC,2022,Change,Methodology,Do not correspond exactly to Frascati Manual recommendation
RESDEN.INHAB.TFTE,GRC,2023,Change,Methodology,Do not correspond exactly to Frascati Manual recommendation
RESDEN.INHAB.TFTE,GTM,2005,Under Coverage,Partial data,Partial data
RESDEN.INHAB.TFTE,GTM,2006,Under Coverage,Partial data,Partial data
RESDEN.INHAB.TFTE,GTM,2007,Under Coverage,Partial data,Partial data
RESDEN.INHAB.TFTE,GTM,2008,Under Coverage,Partial data,Partial data
RESDEN.INHAB.TFTE,GTM,2009,Under Coverage,Partial data,Partial data
RESDEN.INHAB.TFTE,GTM,2010,Under Coverage,Partial data,Partial data
RESDEN.INHAB.TFTE,GTM,2011,Under Coverage,Partial data,Partial data
RESDEN.INHAB.TFTE,GTM,2012,Under Coverage,Partial data,Partial data
RESDEN.INHAB.TFTE,GTM,2013,Change,Break in series,Break in series with previous year for which data are available
RESDEN.INHAB.TFTE,GTM,2013,Under Coverage,Partial data,Partial data
RESDEN.INHAB.TFTE,GTM,2014,Under Coverage,Partial data,Partial data
RESDEN.INHAB.TFTE,GTM,2015,Under Coverage,Partial data,Partial data
RESDEN.INHAB.TFTE,GTM,2016,Under Coverage,Partial data,Partial data
RESDEN.INHAB.TFTE,GTM,2017,Under Coverage,Partial data,Partial data
RESDEN.INHAB.TFTE,GTM,2018,Under Coverage,Partial data,Partial data
RESDEN.INHAB.TFTE,GTM,2019,Under Coverage,Partial data,Partial data
RESDEN.INHAB.TFTE,GTM,2020,Under Coverage,Partial data,Partial data
RESDEN.INHAB.TFTE,GTM,2021,Under Coverage,Partial data,Partial data
RESDEN.INHAB.TFTE,HKG,2010,Change,Break in series,Break in series with previous year for which data are available
RESDEN.INHAB.TFTE,HND,2015,Under Coverage,Partial data,Partial data
RESDEN.INHAB.TFTE,HND,2015,Under Coverage,Sectors,Higher Education only
RESDEN.INHAB.TFTE,HND,2018,Change,Break in series,Break in series with previous year for which data are available
RESDEN.INHAB.TFTE,HUN,1996,Change,Methodology,Do not correspond exactly to Frascati Manual recommendation
RESDEN.INHAB.TFTE,HUN,1997,Change,Methodology,Do not correspond exactly to Frascati Manual recommendation
RESDEN.INHAB.TFTE,HUN,1998,Change,Methodology,Do not correspond exactly to Frascati Manual recommendation
RESDEN.INHAB.TFTE,HUN,1999,Change,Methodology,Do not correspond exactly to Frascati Manual recommendation
RESDEN.INHAB.TFTE,HUN,2000,Change,Methodology,Do not correspond exactly to Frascati Manual recommendation
RESDEN.INHAB.TFTE,HUN,2001,Change,Methodology,Do not correspond exactly to Frascati Manual recommendation
RESDEN.INHAB.TFTE,HUN,2002,Change,Methodology,Do not correspond exactly to Frascati Manual recommendation
RESDEN.INHAB.TFTE,HUN,2003,Change,Methodology,Do not correspond exactly to Frascati Manual recommendation
RESDEN.INHAB.TFTE,HUN,2004,Change,Break in series,Break in series with previous year for which data are available
RESDEN.INHAB.TFTE,HUN,2018,Change,Methodology,Do not correspond exactly to Frascati Manual recommendation
RESDEN.INHAB.TFTE,HUN,2019,Change,Methodology,Do not correspond exactly to Frascati Manual recommendation
RESDEN.INHAB.TFTE,HUN,2020,Change,Methodology,Do not correspond exactly to Frascati Manual recommendation
RESDEN.INHAB.TFTE,HUN,2021,Change,Methodology,Do not correspond exactly to Frascati Manual recommendation
RESDEN.INHAB.TFTE,HUN,2022,Change,Methodology,Do not correspond exactly to Frascati Manual recommendation
RESDEN.INHAB.TFTE,HUN,2023,Change,Methodology,Do not correspond exactly to Frascati Manual recommendation
RESDEN.INHAB.TFTE,IDN,2000,Source,Data source,Source: Regional Publication
RESDEN.INHAB.TFTE,IDN,2001,Source,Data source,Source: Regional Publication
RESDEN.INHAB.TFTE,IDN,2009,Change,Break in series,Break in series with previous year for which data are available
RESDEN.INHAB.TFTE,IDN,2009,Under Coverage,Partial data,Partial data
RESDEN.INHAB.TFTE,IDN,2016,Change,Break in series,Break in series with previous year for which data are available
RESDEN.INHAB.TFTE,IDN,2019,Change,Break in series,Break in series with previous year for which data are available
RESDEN.INHAB.TFTE,IRL,1996,Source,Estimation,National estimation or based on National estimation
RESDEN.INHAB.TFTE,IRL,1997,Source,Estimation,National estimation or based on National estimation
RESDEN.INHAB.TFTE,IRL,1998,Source,Estimation,National estimation or based on National estimation
RESDEN.INHAB.TFTE,IRL,1999,Source,Estimation,National estimation or based on National estimation
RESDEN.INHAB.TFTE,IRL,2000,Source,Estimation,National estimation or based on National estimation
RESDEN.INHAB.TFTE,IRL,2007,Source,Estimation,National estimation or based on National estimation
RESDEN.INHAB.TFTE,IRL,2009,Source,Estimation,National estimation or based on National estimation
RESDEN.INHAB.TFTE,IRL,2010,Source,Estimation,National estimation or based on National estimation
RESDEN.INHAB.TFTE,IRL,2011,Source,Estimation,National estimation or based on National estimation
RESDEN.INHAB.TFTE,IRL,2012,Source,Estimation,National estimation or based on National estimation
RESDEN.INHAB.TFTE,IRL,2013,Source,Estimation,National estimation or based on National estimation
RESDEN.INHAB.TFTE,IRL,2014,Source,Estimation,National estimation or based on National estimation
RESDEN.INHAB.TFTE,IRL,2015,Source,Estimation,National estimation or based on National estimation
RESDEN.INHAB.TFTE,IRL,2016,Source,Estimation,National estimation or based on National estimation
RESDEN.INHAB.TFTE,IRL,2017,Source,Estimation,National estimation or based on National estimation
RESDEN.INHAB.TFTE,IRL,2018,Change,Break in series,Break in series with previous year for which data are available
RESDEN.INHAB.TFTE,IRL,2018,Source,Estimation,National estimation or based on National estimation
RESDEN.INHAB.TFTE,IRL,2019,Source,Estimation,National estimation or based on National estimation
RESDEN.INHAB.TFTE,IRL,2020,Source,Estimation,National estimation or based on National estimation
RESDEN.INHAB.TFTE,IRL,2021,Source,Estimation,National estimation or based on National estimation
RESDEN.INHAB.TFTE,IRL,2022,Source,Estimation,National estimation or based on National estimation
RESDEN.INHAB.TFTE,IRN,2009,Change,Break in series,Break in series with previous year for which data are available
RESDEN.INHAB.TFTE,IRN,2009,Under Coverage,Sectors,Excluding Government
RESDEN.INHAB.TFTE,IRN,2009,Under Coverage,Sectors,Excluding Private non-profit
RESDEN.INHAB.TFTE,IRN,2010,Under Coverage,Sectors,Excluding Government
RESDEN.INHAB.TFTE,IRN,2010,Under Coverage,Sectors,Excluding Private non-profit
RESDEN.INHAB.TFTE,IRN,2017,Change,Break in series,Break in series with previous year for which data are available
RESDEN.INHAB.TFTE,IRQ,2007,Over Coverage,Over coverage,Overestimated or based on overestimated data
RESDEN.INHAB.TFTE,IRQ,2007,Under Coverage,Sectors,Excluding Business enterprise
RESDEN.INHAB.TFTE,IRQ,2007,Under Coverage,Sectors,Excluding Private non-profit
RESDEN.INHAB.TFTE,IRQ,2008,Over Coverage,Over coverage,Overestimated or based on overestimated data
RESDEN.INHAB.TFTE,IRQ,2008,Under Coverage,Sectors,Excluding Business enterprise
RESDEN.INHAB.TFTE,IRQ,2008,Under Coverage,Sectors,Excluding Private non-profit
RESDEN.INHAB.TFTE,IRQ,2009,Over Coverage,Over coverage,Overestimated or based on overestimated data
RESDEN.INHAB.TFTE,IRQ,2009,Under Coverage,Sectors,Excluding Business enterprise
RESDEN.INHAB.TFTE,IRQ,2009,Under Coverage,Sectors,Excluding Private non-profit
RESDEN.INHAB.TFTE,IRQ,2010,Over Coverage,Over coverage,Overestimated or based on overestimated data
RESDEN.INHAB.TFTE,IRQ,2010,Under Coverage,Sectors,Excluding Business enterprise
RESDEN.INHAB.TFTE,IRQ,2010,Under Coverage,Sectors,Excluding Private non-profit
RESDEN.INHAB.TFTE,IRQ,2011,Over Coverage,Over coverage,Overestimated or based on overestimated data
RESDEN.INHAB.TFTE,IRQ,2011,Under Coverage,Sectors,Excluding Business enterprise
RESDEN.INHAB.TFTE,IRQ,2011,Under Coverage,Sectors,Excluding Private non-profit
RESDEN.INHAB.TFTE,IRQ,2014,Change,Break in series,Break in series with previous year for which data are available
RESDEN.INHAB.TFTE,IRQ,2014,Under Coverage,Sectors,Excluding Private non-profit
RESDEN.INHAB.TFTE,ISL,1996,Source,Data source,Source: Eurostat
RESDEN.INHAB.TFTE,ISL,1998,Source,Estimation,National estimation or based on National estimation
RESDEN.INHAB.TFTE,ISL,2011,Change,Break in series,Break in series with previous year for which data are available
RESDEN.INHAB.TFTE,ISL,2013,Change,Break in series,Break in series with previous year for which data are available
RESDEN.INHAB.TFTE,ISL,2017,Change,Type of data,Low reliability
RESDEN.INHAB.TFTE,ISL,2017,Source,Data source,Source: Eurostat
RESDEN.INHAB.TFTE,ISL,2018,Change,Type of data,Low reliability
RESDEN.INHAB.TFTE,ISL,2018,Source,Data source,Source: Eurostat
RESDEN.INHAB.TFTE,ISL,2022,Source,Data source,Source: Eurostat
RESDEN.INHAB.TFTE,ISL,2023,Provisional data,Provisional data,Provisional data
RESDEN.INHAB.TFTE,ITA,1996,Change,Methodology,Do not correspond exactly to Frascati Manual recommendation
RESDEN.INHAB.TFTE,ITA,1997,Change,Break in series,Break in series with previous year for which data are available
RESDEN.INHAB.TFTE,ITA,1997,Change,Methodology,Do not correspond exactly to Frascati Manual recommendation
RESDEN.INHAB.TFTE,ITA,1998,Change,Methodology,Do not correspond exactly to Frascati Manual recommendation
RESDEN.INHAB.TFTE,ITA,1999,Change,Methodology,Do not correspond exactly to Frascati Manual recommendation
RESDEN.INHAB.TFTE,ITA,2000,Change,Methodology,Do not correspond exactly to Frascati Manual recommendation
RESDEN.INHAB.TFTE,ITA,2001,Change,Methodology,Do not correspond exactly to Frascati Manual recommendation
RESDEN.INHAB.TFTE,ITA,2002,Change,Methodology,Do not correspond exactly to Frascati Manual recommendation
RESDEN.INHAB.TFTE,ITA,2003,Change,Methodology,Do not correspond exactly to Frascati Manual recommendation
RESDEN.INHAB.TFTE,ITA,2004,Change,Methodology,Do not correspond exactly to Frascati Manual recommendation
RESDEN.INHAB.TFTE,ITA,2005,Change,Methodology,Do not correspond exactly to Frascati Manual recommendation
RESDEN.INHAB.TFTE,ITA,2006,Change,Methodology,Do not correspond exactly to Frascati Manual recommendation
RESDEN.INHAB.TFTE,ITA,2007,Change,Methodology,Do not correspond exactly to Frascati Manual recommendation
RESDEN.INHAB.TFTE,ITA,2008,Change,Methodology,Do not correspond exactly to Frascati Manual recommendation
RESDEN.INHAB.TFTE,ITA,2009,Change,Methodology,Do not correspond exactly to Frascati Manual recommendation
RESDEN.INHAB.TFTE,ITA,2010,Change,Methodology,Do not correspond exactly to Frascati Manual recommendation
RESDEN.INHAB.TFTE,ITA,2011,Change,Methodology,Do not correspond exactly to Frascati Manual recommendation
RESDEN.INHAB.TFTE,ITA,2012,Change,Methodology,Do not correspond exactly to Frascati Manual recommendation
RESDEN.INHAB.TFTE,ITA,2013,Change,Methodology,Do not correspond exactly to Frascati Manual recommendation
RESDEN.INHAB.TFTE,ITA,2014,Change,Methodology,Do not correspond exactly to Frascati Manual recommendation
RESDEN.INHAB.TFTE,ITA,2015,Change,Methodology,Do not correspond exactly to Frascati Manual recommendation
RESDEN.INHAB.TFTE,ITA,2016,Change,Break in series,Break in series with previous year for which data are available
RESDEN.INHAB.TFTE,ITA,2016,Change,Methodology,Do not correspond exactly to Frascati Manual recommendation
RESDEN.INHAB.TFTE,ITA,2017,Change,Methodology,Do not correspond exactly to Frascati Manual recommendation
RESDEN.INHAB.TFTE,ITA,2018,Change,Methodology,Do not correspond exactly to Frascati Manual recommendation
RESDEN.INHAB.TFTE,ITA,2019,Change,Methodology,Do not correspond exactly to Frascati Manual recommendation
RESDEN.INHAB.TFTE,ITA,2020,Change,Methodology,Do not correspond exactly to Frascati Manual recommendation
RESDEN.INHAB.TFTE,ITA,2021,Change,Methodology,Do not correspond exactly to Frascati Manual recommendation
RESDEN.INHAB.TFTE,ITA,2022,Change,Methodology,Do not correspond exactly to Frascati Manual recommendation
RESDEN.INHAB.TFTE,ITA,2023,Change,Methodology,Do not correspond exactly to Frascati Manual recommendation
RESDEN.INHAB.TFTE,JOR,2015,Change,Break in series,Break in series with previous year for which data are available
RESDEN.INHAB.TFTE,JOR,2015,Under Coverage,Partial data,Partial data
RESDEN.INHAB.TFTE,JOR,2016,Change,Break in series,Break in series with previous year for which data are available
RESDEN.INHAB.TFTE,JOR,2017,Under Coverage,Partial data,Partial data
RESDEN.INHAB.TFTE,JPN,1996,Change,Break in series,Break in series with previous year for which data are available
RESDEN.INHAB.TFTE,JPN,1996,Change,Methodology,Do not correspond exactly to Frascati Manual recommendation
RESDEN.INHAB.TFTE,JPN,1997,Change,Methodology,Do not correspond exactly to Frascati Manual recommendation
RESDEN.INHAB.TFTE,JPN,1998,Change,Methodology,Do not correspond exactly to Frascati Manual recommendation
RESDEN.INHAB.TFTE,JPN,1999,Change,Methodology,Do not correspond exactly to Frascati Manual recommendation
RESDEN.INHAB.TFTE,JPN,2000,Change,Methodology,Do not correspond exactly to Frascati Manual recommendation
RESDEN.INHAB.TFTE,JPN,2001,Change,Methodology,Do not correspond exactly to Frascati Manual recommendation
RESDEN.INHAB.TFTE,JPN,2002,Change,Methodology,Do not correspond exactly to Frascati Manual recommendation
RESDEN.INHAB.TFTE,JPN,2003,Change,Methodology,Do not correspond exactly to Frascati Manual recommendation
RESDEN.INHAB.TFTE,JPN,2004,Change,Methodology,Do not correspond exactly to Frascati Manual recommendation
RESDEN.INHAB.TFTE,JPN,2005,Change,Methodology,Do not correspond exactly to Frascati Manual recommendation
RESDEN.INHAB.TFTE,JPN,2006,Change,Methodology,Do not correspond exactly to Frascati Manual recommendation
RESDEN.INHAB.TFTE,JPN,2007,Change,Methodology,Do not correspond exactly to Frascati Manual recommendation
RESDEN.INHAB.TFTE,JPN,2008,Change,Break in series,Break in series with previous year for which data are available
RESDEN.INHAB.TFTE,JPN,2008,Change,Methodology,Do not correspond exactly to Frascati Manual recommendation
RESDEN.INHAB.TFTE,JPN,2009,Change,Methodology,Do not correspond exactly to Frascati Manual recommendation
RESDEN.INHAB.TFTE,JPN,2010,Change,Methodology,Do not correspond exactly to Frascati Manual recommendation
RESDEN.INHAB.TFTE,JPN,2011,Change,Methodology,Do not correspond exactly to Frascati Manual recommendation
RESDEN.INHAB.TFTE,JPN,2012,Change,Methodology,Do not correspond exactly to Frascati Manual recommendation
RESDEN.INHAB.TFTE,JPN,2013,Change,Break in series,Break in series with previous year for which data are available
RESDEN.INHAB.TFTE,JPN,2013,Change,Methodology,Do not correspond exactly to Frascati Manual recommendation
RESDEN.INHAB.TFTE,JPN,2014,Change,Methodology,Do not correspond exactly to Frascati Manual recommendation
RESDEN.INHAB.TFTE,JPN,2015,Change,Methodology,Do not correspond exactly to Frascati Manual recommendation
RESDEN.INHAB.TFTE,JPN,2016,Change,Methodology,Do not correspond exactly to Frascati Manual recommendation
RESDEN.INHAB.TFTE,JPN,2017,Change,Methodology,Do not correspond exactly to Frascati Manual recommendation
RESDEN.INHAB.TFTE,JPN,2018,Change,Break in series,Break in series with previous year for which data are available
RESDEN.INHAB.TFTE,JPN,2018,Change,Methodology,Do not correspond exactly to Frascati Manual recommendation
RESDEN.INHAB.TFTE,JPN,2019,Change,Methodology,Do not correspond exactly to Frascati Manual recommendation
RESDEN.INHAB.TFTE,JPN,2020,Change,Methodology,Do not correspond exactly to Frascati Manual recommendation
RESDEN.INHAB.TFTE,JPN,2021,Change,Methodology,Do not correspond exactly to Frascati Manual recommendation
RESDEN.INHAB.TFTE,JPN,2022,Change,Methodology,Do not correspond exactly to Frascati Manual recommendation
RESDEN.INHAB.TFTE,JPN,2023,Change,Methodology,Do not correspond exactly to Frascati Manual recommendation
RESDEN.INHAB.TFTE,KAZ,2012,Change,Break in series,Break in series with previous year for which data are available
RESDEN.INHAB.TFTE,KAZ,2013,Change,Break in series,Break in series with previous year for which data are available
RESDEN.INHAB.TFTE,KEN,2007,Under Coverage,Partial data,Partial data
RESDEN.INHAB.TFTE,KEN,2010,Change,Break in series,Break in series with previous year for which data are available
RESDEN.INHAB.TFTE,KEN,2022,Change,Break in series,Break in series with previous year for which data are available
RESDEN.INHAB.TFTE,KEN,2022,Under Coverage,Partial data,Partial data
RESDEN.INHAB.TFTE,KEN,2022,Under Coverage,Sectors,Excluding Business enterprise
RESDEN.INHAB.TFTE,KEN,2022,Under Coverage,Sectors,Excluding Private non-profit
RESDEN.INHAB.TFTE,KEN,2023,Under Coverage,Partial data,Partial data
RESDEN.INHAB.TFTE,KEN,2023,Under Coverage,Sectors,Excluding Business enterprise
RESDEN.INHAB.TFTE,KEN,2023,Under Coverage,Sectors,Excluding Private non-profit
RESDEN.INHAB.TFTE,KHM,2002,Under Coverage,Partial data,Partial data
RESDEN.INHAB.TFTE,KHM,2015,Change,Break in series,Break in series with previous year for which data are available
RESDEN.INHAB.TFTE,KOR,1996,Change,Methodology,Do not correspond exactly to Frascati Manual recommendation
RESDEN.INHAB.TFTE,KOR,1997,Change,Methodology,Do not correspond exactly to Frascati Manual recommendation
RESDEN.INHAB.TFTE,KOR,1998,Change,Methodology,Do not correspond exactly to Frascati Manual recommendation
RESDEN.INHAB.TFTE,KOR,1999,Change,Methodology,Do not correspond exactly to Frascati Manual recommendation
RESDEN.INHAB.TFTE,KOR,2000,Change,Methodology,Do not correspond exactly to Frascati Manual recommendation
RESDEN.INHAB.TFTE,KOR,2001,Change,Methodology,Do not correspond exactly to Frascati Manual recommendation
RESDEN.INHAB.TFTE,KOR,2002,Change,Methodology,Do not correspond exactly to Frascati Manual recommendation
RESDEN.INHAB.TFTE,KOR,2003,Change,Methodology,Do not correspond exactly to Frascati Manual recommendation
RESDEN.INHAB.TFTE,KOR,2004,Change,Methodology,Do not correspond exactly to Frascati Manual recommendation
RESDEN.INHAB.TFTE,KOR,2005,Change,Methodology,Do not correspond exactly to Frascati Manual recommendation
RESDEN.INHAB.TFTE,KOR,2006,Change,Methodology,Do not correspond exactly to Frascati Manual recommendation
RESDEN.INHAB.TFTE,KOR,2007,Change,Break in series,Break in series with previous year for which data are available
RESDEN.INHAB.TFTE,KWT,1997,Under Coverage,Partial data,Partial data
RESDEN.INHAB.TFTE,KWT,1997,Under Coverage,Sectors,Government only
RESDEN.INHAB.TFTE,KWT,1998,Under Coverage,Partial data,Partial data
RESDEN.INHAB.TFTE,KWT,1998,Under Coverage,Sectors,Government only
RESDEN.INHAB.TFTE,KWT,1999,Under Coverage,Partial data,Partial data
RESDEN.INHAB.TFTE,KWT,1999,Under Coverage,Sectors,Government only
RESDEN.INHAB.TFTE,KWT,2000,Under Coverage,Partial data,Partial data
RESDEN.INHAB.TFTE,KWT,2000,Under Coverage,Sectors,Government only
RESDEN.INHAB.TFTE,KWT,2001,Under Coverage,Partial data,Partial data
RESDEN.INHAB.TFTE,KWT,2001,Under Coverage,Sectors,Government only
RESDEN.INHAB.TFTE,KWT,2002,Under Coverage,Partial data,Partial data
RESDEN.INHAB.TFTE,KWT,2002,Under Coverage,Sectors,Government only
RESDEN.INHAB.TFTE,KWT,2003,Under Coverage,Partial data,Partial data
RESDEN.INHAB.TFTE,KWT,2003,Under Coverage,Sectors,Government only
RESDEN.INHAB.TFTE,KWT,2004,Under Coverage,Partial data,Partial data
RESDEN.INHAB.TFTE,KWT,2004,Under Coverage,Sectors,Government only
RESDEN.INHAB.TFTE,KWT,2005,Under Coverage,Partial data,Partial data
RESDEN.INHAB.TFTE,KWT,2005,Under Coverage,Sectors,Government only
RESDEN.INHAB.TFTE,KWT,2006,Under Coverage,Partial data,Partial data
RESDEN.INHAB.TFTE,KWT,2006,Under Coverage,Sectors,Government only
RESDEN.INHAB.TFTE,KWT,2007,Over Coverage,Function,Including Technicians and equivalent staff
RESDEN.INHAB.TFTE,KWT,2007,Under Coverage,Partial data,Partial data
RESDEN.INHAB.TFTE,KWT,2007,Under Coverage,Sectors,Government only
RESDEN.INHAB.TFTE,KWT,2008,Under Coverage,Partial data,Partial data
RESDEN.INHAB.TFTE,KWT,2008,Under Coverage,Sectors,Government only
RESDEN.INHAB.TFTE,KWT,2009,Under Coverage,Partial data,Partial data
RESDEN.INHAB.TFTE,KWT,2009,Under Coverage,Sectors,Government only
RESDEN.INHAB.TFTE,KWT,2010,Under Coverage,Partial data,Partial data
RESDEN.INHAB.TFTE,KWT,2010,Under Coverage,Sectors,Government only
RESDEN.INHAB.TFTE,KWT,2011,Under Coverage,Partial data,Partial data
RESDEN.INHAB.TFTE,KWT,2011,Under Coverage,Sectors,Government only
RESDEN.INHAB.TFTE,KWT,2012,Under Coverage,Partial data,Partial data
RESDEN.INHAB.TFTE,KWT,2012,Under Coverage,Sectors,Government only
RESDEN.INHAB.TFTE,KWT,2014,Change,Break in series,Break in series with previous year for which data are available
RESDEN.INHAB.TFTE,KWT,2014,Under Coverage,Sectors,Excluding Business enterprise
RESDEN.INHAB.TFTE,KWT,2014,Under Coverage,Sectors,Excluding Private non-profit
RESDEN.INHAB.TFTE,KWT,2015,Under Coverage,Sectors,Excluding Business enterprise
RESDEN.INHAB.TFTE,KWT,2015,Under Coverage,Sectors,Excluding Private non-profit
RESDEN.INHAB.TFTE,KWT,2016,Under Coverage,Sectors,Excluding Business enterprise
RESDEN.INHAB.TFTE,KWT,2016,Under Coverage,Sectors,Excluding Private non-profit
RESDEN.INHAB.TFTE,KWT,2017,Under Coverage,Sectors,Excluding Business enterprise
RESDEN.INHAB.TFTE,KWT,2017,Under Coverage,Sectors,Excluding Private non-profit
RESDEN.INHAB.TFTE,KWT,2018,Under Coverage,Sectors,Excluding Business enterprise
RESDEN.INHAB.TFTE,KWT,2018,Under Coverage,Sectors,Excluding Private non-profit
RESDEN.INHAB.TFTE,KWT,2019,Change,Break in series,Break in series with previous year for which data are available
RESDEN.INHAB.TFTE,KWT,2019,Under Coverage,Sectors,Government only
RESDEN.INHAB.TFTE,KWT,2020,Under Coverage,Sectors,Government only
RESDEN.INHAB.TFTE,KWT,2022,Under Coverage,Sectors,Government only
RESDEN.INHAB.TFTE,KWT,2023,Under Coverage,Sectors,Government only
RESDEN.INHAB.TFTE,LAO,2002,Source,Data source,Source: Regional Publication
RESDEN.INHAB.TFTE,LAO,2002,Under Coverage,Partial data,Partial data
RESDEN.INHAB.TFTE,LIE,2019,Source,Data source,Source: National Publication
RESDEN.INHAB.TFTE,LKA,2000,Change,Break in series,Break in series with previous year for which data are available
RESDEN.INHAB.TFTE,LKA,2000,Under Coverage,Partial data,Partial data
RESDEN.INHAB.TFTE,LKA,2004,Change,Break in series,Break in series with previous year for which data are available
RESDEN.INHAB.TFTE,LSO,2002,Under Coverage,Partial data,Partial data
RESDEN.INHAB.TFTE,LSO,2003,Under Coverage,Partial data,Partial data
RESDEN.INHAB.TFTE,LSO,2004,Under Coverage,Partial data,Partial data
RESDEN.INHAB.TFTE,LSO,2009,Under Coverage,Partial data,Partial data
RESDEN.INHAB.TFTE,LSO,2011,Under Coverage,Partial data,Partial data
RESDEN.INHAB.TFTE,LSO,2011,Under Coverage,Sectors,Higher Education only
RESDEN.INHAB.TFTE,LSO,2015,Under Coverage,Sectors,Excluding Business enterprise
RESDEN.INHAB.TFTE,LSO,2015,Under Coverage,Sectors,Excluding Private non-profit
RESDEN.INHAB.TFTE,LTU,2023,Change,Methodology,Do not correspond exactly to Frascati Manual recommendation
RESDEN.INHAB.TFTE,LUX,2007,Source,Estimation,National estimation or based on National estimation
RESDEN.INHAB.TFTE,LUX,2012,Change,Break in series,Break in series with previous year for which data are available
RESDEN.INHAB.TFTE,MAC,2001,Under Coverage,Partial data,Partial data
RESDEN.INHAB.TFTE,MAC,2002,Under Coverage,Partial data,Partial data
RESDEN.INHAB.TFTE,MAC,2003,Under Coverage,Partial data,Partial data
RESDEN.INHAB.TFTE,MAC,2004,Under Coverage,Partial data,Partial data
RESDEN.INHAB.TFTE,MAC,2005,Change,Break in series,Break in series with previous year for which data are available
RESDEN.INHAB.TFTE,MAC,2005,Under Coverage,Partial data,Partial data
RESDEN.INHAB.TFTE,MAC,2006,Under Coverage,Partial data,Partial data
RESDEN.INHAB.TFTE,MAC,2007,Change,Break in series,Break in series with previous year for which data are available
RESDEN.INHAB.TFTE,MAC,2007,Under Coverage,Partial data,Partial data
RESDEN.INHAB.TFTE,MAC,2008,Under Coverage,Partial data,Partial data
RESDEN.INHAB.TFTE,MAC,2009,Change,Break in series,Break in series with previous year for which data are available
RESDEN.INHAB.TFTE,MAC,2009,Under Coverage,Partial data,Partial data
RESDEN.INHAB.TFTE,MAC,2010,Under Coverage,Partial data,Partial data
RESDEN.INHAB.TFTE,MAC,2011,Under Coverage,Partial data,Partial data
RESDEN.INHAB.TFTE,MAC,2012,Under Coverage,Partial data,Partial data
RESDEN.INHAB.TFTE,MAC,2013,Under Coverage,Partial data,Partial data
RESDEN.INHAB.TFTE,MAC,2014,Under Coverage,Partial data,Partial data
RESDEN.INHAB.TFTE,MAC,2015,Under Coverage,Partial data,Partial data
RESDEN.INHAB.TFTE,MAC,2016,Change,Break in series,Break in series with previous year for which data are available
RESDEN.INHAB.TFTE,MAC,2016,Under Coverage,Partial data,Partial data
RESDEN.INHAB.TFTE,MAC,2017,Under Coverage,Partial data,Partial data
RESDEN.INHAB.TFTE,MAC,2018,Under Coverage,Partial data,Partial data
RESDEN.INHAB.TFTE,MAC,2019,Under Coverage,Partial data,Partial data
RESDEN.INHAB.TFTE,MAC,2020,Under Coverage,Partial data,Partial data
RESDEN.INHAB.TFTE,MAC,2021,Under Coverage,Partial data,Partial data
RESDEN.INHAB.TFTE,MAC,2022,Under Coverage,Partial data,Partial data
RESDEN.INHAB.TFTE,MAC,2023,Under Coverage,Partial data,Partial data
RESDEN.INHAB.TFTE,MAR,2006,Under Coverage,Partial data,Partial data
RESDEN.INHAB.TFTE,MAR,2007,Under Coverage,Partial data,Partial data
RESDEN.INHAB.TFTE,MAR,2008,Under Coverage,Partial data,Partial data
RESDEN.INHAB.TFTE,MAR,2010,Under Coverage,Partial data,Partial data
RESDEN.INHAB.TFTE,MAR,2011,Under Coverage,Partial data,Partial data
RESDEN.INHAB.TFTE,MAR,2012,Change,Break in series,Break in series with previous year for which data are available
RESDEN.INHAB.TFTE,MCO,2004,Under Coverage,Partial data,Partial data
RESDEN.INHAB.TFTE,MCO,2005,Under Coverage,Partial data,Partial data
RESDEN.INHAB.TFTE,MDA,2003,Under Coverage,Underestimated,Underestimated or based on underestimated data
RESDEN.INHAB.TFTE,MDA,2004,Under Coverage,Underestimated,Underestimated or based on underestimated data
RESDEN.INHAB.TFTE,MDA,2005,Under Coverage,Underestimated,Underestimated or based on underestimated data
RESDEN.INHAB.TFTE,MDA,2006,Under Coverage,Underestimated,Underestimated or based on underestimated data
RESDEN.INHAB.TFTE,MDA,2007,Under Coverage,Underestimated,Underestimated or based on underestimated data
RESDEN.INHAB.TFTE,MDA,2014,Change,Break in series,Break in series with previous year for which data are available
RESDEN.INHAB.TFTE,MDG,1998,Under Coverage,Partial data,Partial data
RESDEN.INHAB.TFTE,MDG,1999,Under Coverage,Partial data,Partial data
RESDEN.INHAB.TFTE,MDG,2000,Under Coverage,Partial data,Partial data
RESDEN.INHAB.TFTE,MDG,2001,Change,Break in series,Break in series with previous year for which data are available
RESDEN.INHAB.TFTE,MDG,2001,Under Coverage,Partial data,Partial data
RESDEN.INHAB.TFTE,MDG,2002,Under Coverage,Partial data,Partial data
RESDEN.INHAB.TFTE,MDG,2003,Under Coverage,Partial data,Partial data
RESDEN.INHAB.TFTE,MDG,2004,Under Coverage,Partial data,Partial data
RESDEN.INHAB.TFTE,MDG,2005,Under Coverage,Partial data,Partial data
RESDEN.INHAB.TFTE,MDG,2006,Under Coverage,Partial data,Partial data
RESDEN.INHAB.TFTE,MDG,2007,Under Coverage,Partial data,Partial data
RESDEN.INHAB.TFTE,MDG,2008,Change,Break in series,Break in series with previous year for which data are available
RESDEN.INHAB.TFTE,MDG,2008,Under Coverage,Partial data,Partial data
RESDEN.INHAB.TFTE,MDG,2009,Under Coverage,Partial data,Partial data
RESDEN.INHAB.TFTE,MDG,2010,Change,Break in series,Break in series with previous year for which data are available
RESDEN.INHAB.TFTE,MDG,2010,Under Coverage,Partial data,Partial data
RESDEN.INHAB.TFTE,MDG,2011,Under Coverage,Partial data,Partial data
RESDEN.INHAB.TFTE,MDG,2016,Change,Break in series,Break in series with previous year for which data are available
RESDEN.INHAB.TFTE,MDG,2016,Under Coverage,Sectors,Excluding Business enterprise
RESDEN.INHAB.TFTE,MDG,2016,Under Coverage,Sectors,Excluding Private non-profit
RESDEN.INHAB.TFTE,MDG,2017,Under Coverage,Sectors,Excluding Business enterprise
RESDEN.INHAB.TFTE,MDG,2017,Under Coverage,Sectors,Excluding Private non-profit
RESDEN.INHAB.TFTE,MDG,2018,Under Coverage,Sectors,Excluding Business enterprise
RESDEN.INHAB.TFTE,MDG,2018,Under Coverage,Sectors,Excluding Private non-profit
RESDEN.INHAB.TFTE,MEX,1998,Source,Estimation,National estimation or based on National estimation
RESDEN.INHAB.TFTE,MEX,1999,Source,Estimation,National estimation or based on National estimation
RESDEN.INHAB.TFTE,MEX,2000,Source,Data source,Source: RICYT
RESDEN.INHAB.TFTE,MEX,2004,Change,Break in series,Break in series with previous year for which data are available
RESDEN.INHAB.TFTE,MEX,2017,Source,Estimation,National estimation or based on National estimation
RESDEN.INHAB.TFTE,MEX,2018,Change,Break in series,Break in series with previous year for which data are available
RESDEN.INHAB.TFTE,MEX,2018,Source,Data source,Source: RICYT
RESDEN.INHAB.TFTE,MEX,2018,Source,Estimation,National estimation or based on National estimation
RESDEN.INHAB.TFTE,MEX,2019,Source,Data source,Source: RICYT
RESDEN.INHAB.TFTE,MEX,2019,Source,Estimation,National estimation or based on National estimation
RESDEN.INHAB.TFTE,MEX,2020,Source,Data source,Source: RICYT
RESDEN.INHAB.TFTE,MEX,2020,Source,Estimation,National estimation or based on National estimation
RESDEN.INHAB.TFTE,MEX,2021,Source,Data source,Source: RICYT
RESDEN.INHAB.TFTE,MEX,2021,Source,Estimation,National estimation or based on National estimation
RESDEN.INHAB.TFTE,MEX,2022,Source,Data source,Source: RICYT
RESDEN.INHAB.TFTE,MEX,2022,Source,Estimation,National estimation or based on National estimation
RESDEN.INHAB.TFTE,MEX,2023,Provisional data,Provisional data,Provisional data
RESDEN.INHAB.TFTE,MEX,2023,Source,Data source,Source: RICYT
RESDEN.INHAB.TFTE,MEX,2023,Source,Estimation,National estimation or based on National estimation
RESDEN.INHAB.TFTE,MKD,2009,Source,Data source,Source: Eurostat
RESDEN.INHAB.TFTE,MLI,2006,Under Coverage,Partial data,Partial data
RESDEN.INHAB.TFTE,MLI,2010,Source,Data source,Source: Regional Publication
RESDEN.INHAB.TFTE,MLI,2015,Under Coverage,Sectors,Excluding Business enterprise
RESDEN.INHAB.TFTE,MLI,2017,Under Coverage,Partial data,Partial data
RESDEN.INHAB.TFTE,MLI,2019,Change,Break in series,Break in series with previous year for which data are available
RESDEN.INHAB.TFTE,MLI,2019,Over Coverage,Over coverage,Overestimated or based on overestimated data
RESDEN.INHAB.TFTE,MLI,2021,Change,Break in series,Break in series with previous year for which data are available
RESDEN.INHAB.TFTE,MLT,2004,Change,Break in series,Break in series with previous year for which data are available
RESDEN.INHAB.TFTE,MMR,1997,Under Coverage,Partial data,Partial data
RESDEN.INHAB.TFTE,MMR,1998,Under Coverage,Partial data,Partial data
RESDEN.INHAB.TFTE,MMR,1999,Under Coverage,Partial data,Partial data
RESDEN.INHAB.TFTE,MMR,2001,Under Coverage,Partial data,Partial data
RESDEN.INHAB.TFTE,MMR,2002,Under Coverage,Partial data,Partial data
RESDEN.INHAB.TFTE,MMR,2017,Change,Break in series,Break in series with previous year for which data are available
RESDEN.INHAB.TFTE,MMR,2017,Under Coverage,Partial data,Partial data
RESDEN.INHAB.TFTE,MMR,2017,Under Coverage,Sectors,Excluding Business enterprise
RESDEN.INHAB.TFTE,MMR,2017,Under Coverage,Sectors,Excluding Private non-profit
RESDEN.INHAB.TFTE,MMR,2018,Under Coverage,Sectors,Excluding Business enterprise
RESDEN.INHAB.TFTE,MMR,2018,Under Coverage,Sectors,Excluding Private non-profit
RESDEN.INHAB.TFTE,MMR,2019,Under Coverage,Sectors,Excluding Business enterprise
RESDEN.INHAB.TFTE,MMR,2019,Under Coverage,Sectors,Excluding Private non-profit
RESDEN.INHAB.TFTE,MMR,2020,Under Coverage,Sectors,Excluding Business enterprise
RESDEN.INHAB.TFTE,MMR,2020,Under Coverage,Sectors,Excluding Private non-profit
RESDEN.INHAB.TFTE,MMR,2021,Under Coverage,Sectors,Excluding Business enterprise
RESDEN.INHAB.TFTE,MMR,2021,Under Coverage,Sectors,Excluding Private non-profit
RESDEN.INHAB.TFTE,MMR,2022,Under Coverage,Sectors,Excluding Business enterprise
RESDEN.INHAB.TFTE,MMR,2022,Under Coverage,Sectors,Excluding Private non-profit
RESDEN.INHAB.TFTE,MMR,2023,Under Coverage,Sectors,Excluding Business enterprise
RESDEN.INHAB.TFTE,MMR,2023,Under Coverage,Sectors,Excluding Private non-profit
RESDEN.INHAB.TFTE,MNE,2013,Source,Data source,Source: Eurostat
RESDEN.INHAB.TFTE,MNE,2014,Source,Data source,Source: Eurostat
RESDEN.INHAB.TFTE,MNE,2016,Source,Data source,Source: Eurostat
RESDEN.INHAB.TFTE,MNE,2017,Source,Data source,Source: Eurostat
RESDEN.INHAB.TFTE,MNE,2018,Source,Data source,Source: Eurostat
RESDEN.INHAB.TFTE,MNE,2019,Source,Data source,Source: Eurostat
RESDEN.INHAB.TFTE,MNG,2021,Provisional data,Provisional data,Provisional data
RESDEN.INHAB.TFTE,MNG,2022,Provisional data,Provisional data,Provisional data
RESDEN.INHAB.TFTE,MOZ,2006,Under Coverage,Partial data,Partial data
RESDEN.INHAB.TFTE,MOZ,2006,Under Coverage,Sectors,Government only
RESDEN.INHAB.TFTE,MOZ,2008,Under Coverage,Partial data,Partial data
RESDEN.INHAB.TFTE,MOZ,2008,Under Coverage,Sectors,Excluding Business enterprise
RESDEN.INHAB.TFTE,MOZ,2008,Under Coverage,Sectors,Excluding Higher Education
RESDEN.INHAB.TFTE,MOZ,2009,Change,Break in series,Break in series with previous year for which data are available
RESDEN.INHAB.TFTE,MOZ,2009,Under Coverage,Partial data,Partial data
RESDEN.INHAB.TFTE,MOZ,2009,Under Coverage,Sectors,Excluding Business enterprise
RESDEN.INHAB.TFTE,MOZ,2009,Under Coverage,Sectors,Excluding Government
RESDEN.INHAB.TFTE,MOZ,2010,Change,Break in series,Break in series with previous year for which data are available
RESDEN.INHAB.TFTE,MOZ,2010,Under Coverage,Sectors,Excluding Business enterprise
RESDEN.INHAB.TFTE,MUS,2012,Under Coverage,Sectors,Excluding Business enterprise
RESDEN.INHAB.TFTE,MUS,2018,Change,Break in series,Break in series with previous year for which data are available
RESDEN.INHAB.TFTE,MWI,2007,Source,Data source,Source: Regional Publication
RESDEN.INHAB.TFTE,MWI,2010,Source,Data source,Source: Regional Publication
RESDEN.INHAB.TFTE,MWI,2010,Under Coverage,Sectors,Excluding Business enterprise
RESDEN.INHAB.TFTE,MWI,2019,Change,Break in series,Break in series with previous year for which data are available
RESDEN.INHAB.TFTE,MYS,2008,Change,Break in series,Break in series with previous year for which data are available
RESDEN.INHAB.TFTE,MYS,2009,Change,Break in series,Break in series with previous year for which data are available
RESDEN.INHAB.TFTE,MYS,2020,Change,Break in series,Break in series with previous year for which data are available
RESDEN.INHAB.TFTE,MYS,2022,Change,Break in series,Break in series with previous year for which data are available
RESDEN.INHAB.TFTE,NAM,2014,Under Coverage,Partial data,Partial data
RESDEN.INHAB.TFTE,NER,2001,Under Coverage,Partial data,Partial data
RESDEN.INHAB.TFTE,NER,2002,Under Coverage,Partial data,Partial data
RESDEN.INHAB.TFTE,NER,2003,Under Coverage,Partial data,Partial data
RESDEN.INHAB.TFTE,NER,2004,Under Coverage,Partial data,Partial data
RESDEN.INHAB.TFTE,NER,2005,Under Coverage,Partial data,Partial data
RESDEN.INHAB.TFTE,NER,2013,Source,Data source,Source: Regional Publication
RESDEN.INHAB.TFTE,NER,2013,Under Coverage,Sectors,Excluding Business enterprise
RESDEN.INHAB.TFTE,NGA,2007,Change,Break in series,Break in series with previous year for which data are available
RESDEN.INHAB.TFTE,NGA,2007,Source,Data source,Source: Regional Publication
RESDEN.INHAB.TFTE,NGA,2007,Under Coverage,Partial data,Partial data
RESDEN.INHAB.TFTE,NGA,2007,Under Coverage,Sectors,Excluding Business enterprise
RESDEN.INHAB.TFTE,NGA,2019,Change,Break in series,Break in series with previous year for which data are available
RESDEN.INHAB.TFTE,NGA,2019,Under Coverage,Partial data,Partial data
RESDEN.INHAB.TFTE,NGA,2019,Under Coverage,Sectors,Excluding Business enterprise
RESDEN.INHAB.TFTE,NGA,2019,Under Coverage,Sectors,Excluding Private non-profit
RESDEN.INHAB.TFTE,NLD,1996,Change,Break in series,Break in series with previous year for which data are available
RESDEN.INHAB.TFTE,NLD,2002,Change,Break in series,Break in series with previous year for which data are available
RESDEN.INHAB.TFTE,NLD,2003,Change,Break in series,Break in series with previous year for which data are available
RESDEN.INHAB.TFTE,NLD,2011,Change,Break in series,Break in series with previous year for which data are available
RESDEN.INHAB.TFTE,NLD,2012,Change,Break in series,Break in series with previous year for which data are available
RESDEN.INHAB.TFTE,NLD,2013,Change,Break in series,Break in series with previous year for which data are available
RESDEN.INHAB.TFTE,NLD,2022,Change,Break in series,Break in series with previous year for which data are available
RESDEN.INHAB.TFTE,NOR,1997,Change,Methodology,Do not correspond exactly to Frascati Manual recommendation
RESDEN.INHAB.TFTE,NOR,1999,Change,Methodology,Do not correspond exactly to Frascati Manual recommendation
RESDEN.INHAB.TFTE,NZL,2001,Change,Break in series,Break in series with previous year for which data are available
RESDEN.INHAB.TFTE,OMN,2013,Under Coverage,Sectors,Excluding Business enterprise
RESDEN.INHAB.TFTE,OMN,2016,Under Coverage,Partial data,Partial data
RESDEN.INHAB.TFTE,OMN,2017,Under Coverage,Partial data,Partial data
RESDEN.INHAB.TFTE,OMN,2018,Under Coverage,Partial data,Partial data
RESDEN.INHAB.TFTE,OMN,2019,Change,Break in series,Break in series with previous year for which data are available
RESDEN.INHAB.TFTE,OMN,2023,Change,Break in series,Break in series with previous year for which data are available
RESDEN.INHAB.TFTE,PAK,2005,Under Coverage,Sectors,Excluding Business enterprise
RESDEN.INHAB.TFTE,PAK,2005,Under Coverage,Sectors,Excluding Private non-profit
RESDEN.INHAB.TFTE,PAK,2007,Change,Break in series,Break in series with previous year for which data are available
RESDEN.INHAB.TFTE,PAK,2007,Under Coverage,Sectors,Excluding Business enterprise
RESDEN.INHAB.TFTE,PAK,2007,Under Coverage,Sectors,Excluding Private non-profit
RESDEN.INHAB.TFTE,PAK,2009,Under Coverage,Sectors,Excluding Business enterprise
RESDEN.INHAB.TFTE,PAK,2009,Under Coverage,Sectors,Excluding Private non-profit
RESDEN.INHAB.TFTE,PAK,2011,Under Coverage,Sectors,Excluding Business enterprise
RESDEN.INHAB.TFTE,PAK,2011,Under Coverage,Sectors,Excluding Private non-profit
RESDEN.INHAB.TFTE,PAK,2013,Under Coverage,Sectors,Excluding Business enterprise
RESDEN.INHAB.TFTE,PAK,2013,Under Coverage,Sectors,Excluding Private non-profit
RESDEN.INHAB.TFTE,PAK,2015,Under Coverage,Sectors,Excluding Business enterprise
RESDEN.INHAB.TFTE,PAK,2015,Under Coverage,Sectors,Excluding Private non-profit
RESDEN.INHAB.TFTE,PAK,2017,Under Coverage,Sectors,Excluding Business enterprise
RESDEN.INHAB.TFTE,PAK,2017,Under Coverage,Sectors,Excluding Private non-profit
RESDEN.INHAB.TFTE,PAK,2019,Under Coverage,Sectors,Excluding Business enterprise
RESDEN.INHAB.TFTE,PAK,2019,Under Coverage,Sectors,Excluding Private non-profit
RESDEN.INHAB.TFTE,PAK,2021,Under Coverage,Sectors,Excluding Business enterprise
RESDEN.INHAB.TFTE,PAK,2021,Under Coverage,Sectors,Excluding Private non-profit
RESDEN.INHAB.TFTE,PAK,2023,Under Coverage,Sectors,Excluding Business enterprise
RESDEN.INHAB.TFTE,PAK,2023,Under Coverage,Sectors,Excluding Private non-profit
RESDEN.INHAB.TFTE,PAN,1999,Change,Break in series,Break in series with previous year for which data are available
RESDEN.INHAB.TFTE,PAN,2012,Change,Break in series,Break in series with previous year for which data are available
RESDEN.INHAB.TFTE,PAN,2014,Change,Break in series,Break in series with previous year for which data are available
RESDEN.INHAB.TFTE,PAN,2023,Provisional data,Provisional data,Provisional data
RESDEN.INHAB.TFTE,PHL,2013,Over Coverage,Over coverage,Overestimated or based on overestimated data
RESDEN.INHAB.TFTE,PHL,2019,Change,Break in series,Break in series with previous year for which data are available
RESDEN.INHAB.TFTE,PNG,2016,Under Coverage,Partial data,Partial data
RESDEN.INHAB.TFTE,PNG,2016,Under Coverage,Sectors,Excluding Business enterprise
RESDEN.INHAB.TFTE,POL,2017,Change,Methodology,Do not correspond exactly to Frascati Manual recommendation
RESDEN.INHAB.TFTE,POL,2018,Change,Methodology,Do not correspond exactly to Frascati Manual recommendation
RESDEN.INHAB.TFTE,POL,2019,Change,Methodology,Do not correspond exactly to Frascati Manual recommendation
RESDEN.INHAB.TFTE,POL,2020,Change,Methodology,Do not correspond exactly to Frascati Manual recommendation
RESDEN.INHAB.TFTE,POL,2021,Change,Methodology,Do not correspond exactly to Frascati Manual recommendation
RESDEN.INHAB.TFTE,POL,2022,Change,Methodology,Do not correspond exactly to Frascati Manual recommendation
RESDEN.INHAB.TFTE,POL,2023,Change,Methodology,Do not correspond exactly to Frascati Manual recommendation
RESDEN.INHAB.TFTE,PRI,2013,Under Coverage,Sectors,Excluding Higher Education
RESDEN.INHAB.TFTE,PRI,2015,Under Coverage,Sectors,Excluding Higher Education
RESDEN.INHAB.TFTE,PRT,1996,Change,Methodology,Do not correspond exactly to Frascati Manual recommendation
RESDEN.INHAB.TFTE,PRT,1996,Source,Estimation,National estimation or based on National estimation
RESDEN.INHAB.TFTE,PRT,1997,Change,Methodology,Do not correspond exactly to Frascati Manual recommendation
RESDEN.INHAB.TFTE,PRT,1998,Change,Methodology,Do not correspond exactly to Frascati Manual recommendation
RESDEN.INHAB.TFTE,PRT,1998,Source,Estimation,National estimation or based on National estimation
RESDEN.INHAB.TFTE,PRT,1999,Change,Methodology,Do not correspond exactly to Frascati Manual recommendation
RESDEN.INHAB.TFTE,PRT,2000,Change,Methodology,Do not correspond exactly to Frascati Manual recommendation
RESDEN.INHAB.TFTE,PRT,2000,Source,Estimation,National estimation or based on National estimation
RESDEN.INHAB.TFTE,PRT,2001,Change,Methodology,Do not correspond exactly to Frascati Manual recommendation
RESDEN.INHAB.TFTE,PRT,2002,Change,Methodology,Do not correspond exactly to Frascati Manual recommendation
RESDEN.INHAB.TFTE,PRT,2002,Source,Estimation,National estimation or based on National estimation
RESDEN.INHAB.TFTE,PRT,2003,Change,Methodology,Do not correspond exactly to Frascati Manual recommendation
RESDEN.INHAB.TFTE,PRT,2004,Change,Methodology,Do not correspond exactly to Frascati Manual recommendation
RESDEN.INHAB.TFTE,PRT,2004,Source,Estimation,National estimation or based on National estimation
RESDEN.INHAB.TFTE,PRT,2005,Change,Methodology,Do not correspond exactly to Frascati Manual recommendation
RESDEN.INHAB.TFTE,PRT,2006,Change,Methodology,Do not correspond exactly to Frascati Manual recommendation
RESDEN.INHAB.TFTE,PRT,2006,Source,Estimation,National estimation or based on National estimation
RESDEN.INHAB.TFTE,PRT,2007,Change,Methodology,Do not correspond exactly to Frascati Manual recommendation
RESDEN.INHAB.TFTE,PRT,2008,Change,Break in series,Break in series with previous year for which data are available
RESDEN.INHAB.TFTE,PRT,2008,Change,Methodology,Do not correspond exactly to Frascati Manual recommendation
RESDEN.INHAB.TFTE,PRT,2009,Change,Methodology,Do not correspond exactly to Frascati Manual recommendation
RESDEN.INHAB.TFTE,PRT,2010,Change,Methodology,Do not correspond exactly to Frascati Manual recommendation
RESDEN.INHAB.TFTE,PRT,2011,Change,Methodology,Do not correspond exactly to Frascati Manual recommendation
RESDEN.INHAB.TFTE,PRT,2012,Change,Methodology,Do not correspond exactly to Frascati Manual recommendation
RESDEN.INHAB.TFTE,PRT,2013,Change,Break in series,Break in series with previous year for which data are available
RESDEN.INHAB.TFTE,PRT,2013,Change,Methodology,Do not correspond exactly to Frascati Manual recommendation
RESDEN.INHAB.TFTE,PRT,2014,Change,Methodology,Do not correspond exactly to Frascati Manual recommendation
RESDEN.INHAB.TFTE,PRT,2015,Change,Methodology,Do not correspond exactly to Frascati Manual recommendation
RESDEN.INHAB.TFTE,PRT,2016,Change,Methodology,Do not correspond exactly to Frascati Manual recommendation
RESDEN.INHAB.TFTE,PRT,2017,Change,Methodology,Do not correspond exactly to Frascati Manual recommendation
RESDEN.INHAB.TFTE,PRT,2018,Change,Methodology,Do not correspond exactly to Frascati Manual recommendation
RESDEN.INHAB.TFTE,PRT,2019,Change,Methodology,Do not correspond exactly to Frascati Manual recommendation
RESDEN.INHAB.TFTE,PRT,2020,Change,Methodology,Do not correspond exactly to Frascati Manual recommendation
RESDEN.INHAB.TFTE,PRT,2021,Change,Methodology,Do not correspond exactly to Frascati Manual recommendation
RESDEN.INHAB.TFTE,PRT,2022,Change,Methodology,Do not correspond exactly to Frascati Manual recommendation
RESDEN.INHAB.TFTE,PRT,2023,Change,Methodology,Do not correspond exactly to Frascati Manual recommendation
RESDEN.INHAB.TFTE,PRY,2011,Change,Break in series,Break in series with previous year for which data are available
RESDEN.INHAB.TFTE,PRY,2012,Change,Break in series,Break in series with previous year for which data are available
RESDEN.INHAB.TFTE,PRY,2014,Under Coverage,Sectors,Excluding Business enterprise
RESDEN.INHAB.TFTE,PRY,2015,Under Coverage,Sectors,Excluding Business enterprise
RESDEN.INHAB.TFTE,PRY,2016,Under Coverage,Sectors,Excluding Business enterprise
RESDEN.INHAB.TFTE,PRY,2017,Under Coverage,Sectors,Excluding Business enterprise
RESDEN.INHAB.TFTE,PRY,2018,Under Coverage,Sectors,Excluding Business enterprise
RESDEN.INHAB.TFTE,PRY,2019,Under Coverage,Sectors,Excluding Business enterprise
RESDEN.INHAB.TFTE,PRY,2020,Under Coverage,Sectors,Excluding Business enterprise
RESDEN.INHAB.TFTE,PRY,2021,Under Coverage,Sectors,Excluding Business enterprise
RESDEN.INHAB.TFTE,PRY,2022,Under Coverage,Sectors,Excluding Business enterprise
RESDEN.INHAB.TFTE,PSE,2007,Under Coverage,Geographic region,Excluding data from some regions/provinces/states
RESDEN.INHAB.TFTE,PSE,2007,Under Coverage,Partial data,Partial data
RESDEN.INHAB.TFTE,PSE,2007,Under Coverage,Sectors,Excluding Government
RESDEN.INHAB.TFTE,PSE,2008,Under Coverage,Geographic region,Excluding data from some regions/provinces/states
RESDEN.INHAB.TFTE,PSE,2008,Under Coverage,Partial data,Partial data
RESDEN.INHAB.TFTE,PSE,2008,Under Coverage,Sectors,Excluding Government
RESDEN.INHAB.TFTE,PSE,2009,Source,Data source,Source: National Publication
RESDEN.INHAB.TFTE,PSE,2009,Under Coverage,Geographic region,Excluding data from some regions/provinces/states
RESDEN.INHAB.TFTE,PSE,2010,Under Coverage,Sectors,Excluding Business enterprise
RESDEN.INHAB.TFTE,PSE,2013,Under Coverage,Sectors,Excluding Business enterprise
RESDEN.INHAB.TFTE,ROU,2011,Change,Break in series,Break in series with previous year for which data are available
RESDEN.INHAB.TFTE,RWA,2008,Under Coverage,Partial data,Partial data
RESDEN.INHAB.TFTE,RWA,2008,Under Coverage,Sectors,Higher Education only
RESDEN.INHAB.TFTE,RWA,2009,Under Coverage,Partial data,Partial data
RESDEN.INHAB.TFTE,RWA,2009,Under Coverage,Sectors,Higher Education only
RESDEN.INHAB.TFTE,RWA,2013,Change,Break in series,Break in series with previous year for which data are available
RESDEN.INHAB.TFTE,RWA,2013,Source,Data source,Source: Regional Publication
RESDEN.INHAB.TFTE,RWA,2013,Under Coverage,Sectors,Excluding Business enterprise
RESDEN.INHAB.TFTE,SAU,2020,Under Coverage,Sectors,Excluding Government
RESDEN.INHAB.TFTE,SAU,2020,Under Coverage,Sectors,Excluding Private non-profit
RESDEN.INHAB.TFTE,SAU,2021,Change,Break in series,Break in series with previous year for which data are available
RESDEN.INHAB.TFTE,SAU,2021,Change,Methodology,Do not correspond exactly to Frascati Manual recommendation
RESDEN.INHAB.TFTE,SAU,2021,Over Coverage,Over coverage,Overestimated or based on overestimated data
RESDEN.INHAB.TFTE,SAU,2021,Under Coverage,Sectors,Excluding Private non-profit
RESDEN.INHAB.TFTE,SAU,2022,Under Coverage,Sectors,Excluding Private non-profit
RESDEN.INHAB.TFTE,SAU,2023,Under Coverage,Sectors,Excluding Private non-profit
RESDEN.INHAB.TFTE,SEN,2006,Under Coverage,Partial data,Partial data
RESDEN.INHAB.TFTE,SEN,2007,Under Coverage,Partial data,Partial data
RESDEN.INHAB.TFTE,SEN,2008,Change,Break in series,Break in series with previous year for which data are available
RESDEN.INHAB.TFTE,SEN,2010,Source,Data source,Source: Regional Publication
RESDEN.INHAB.TFTE,SEN,2015,Under Coverage,Sectors,Excluding Business enterprise
RESDEN.INHAB.TFTE,SHN,1998,Under Coverage,Partial data,Partial data
RESDEN.INHAB.TFTE,SHN,1999,Under Coverage,Partial data,Partial data
RESDEN.INHAB.TFTE,SHN,2000,Under Coverage,Partial data,Partial data
RESDEN.INHAB.TFTE,SRB,2007,Change,Break in series,Break in series with previous year for which data are available
RESDEN.INHAB.TFTE,SRB,2007,Under Coverage,Geographic region,Excluding data from some regions/provinces/states
RESDEN.INHAB.TFTE,SRB,2008,Under Coverage,Geographic region,Excluding data from some regions/provinces/states
RESDEN.INHAB.TFTE,SRB,2009,Under Coverage,Geographic region,Excluding data from some regions/provinces/states
RESDEN.INHAB.TFTE,SRB,2010,Under Coverage,Geographic region,Excluding data from some regions/provinces/states
RESDEN.INHAB.TFTE,SRB,2011,Under Coverage,Geographic region,Excluding data from some regions/provinces/states
RESDEN.INHAB.TFTE,SRB,2012,Under Coverage,Geographic region,Excluding data from some regions/provinces/states
RESDEN.INHAB.TFTE,SRB,2013,Under Coverage,Geographic region,Excluding data from some regions/provinces/states
RESDEN.INHAB.TFTE,SRB,2014,Under Coverage,Geographic region,Excluding data from some regions/provinces/states
RESDEN.INHAB.TFTE,SRB,2015,Under Coverage,Geographic region,Excluding data from some regions/provinces/states
RESDEN.INHAB.TFTE,SRB,2016,Under Coverage,Geographic region,Excluding data from some regions/provinces/states
RESDEN.INHAB.TFTE,SRB,2017,Under Coverage,Geographic region,Excluding data from some regions/provinces/states
RESDEN.INHAB.TFTE,SRB,2018,Under Coverage,Geographic region,Excluding data from some regions/provinces/states
RESDEN.INHAB.TFTE,SRB,2019,Under Coverage,Geographic region,Excluding data from some regions/provinces/states
RESDEN.INHAB.TFTE,SRB,2020,Under Coverage,Geographic region,Excluding data from some regions/provinces/states
RESDEN.INHAB.TFTE,SRB,2021,Under Coverage,Geographic region,Excluding data from some regions/provinces/states
RESDEN.INHAB.TFTE,SRB,2022,Under Coverage,Geographic region,Excluding data from some regions/provinces/states
RESDEN.INHAB.TFTE,SRB,2023,Under Coverage,Geographic region,Excluding data from some regions/provinces/states
RESDEN.INHAB.TFTE,SVK,1996,Change,Methodology,Do not correspond exactly to Frascati Manual recommendation
RESDEN.INHAB.TFTE,SVK,1997,Change,Break in series,Break in series with previous year for which data are available
RESDEN.INHAB.TFTE,SVK,1997,Change,Methodology,Do not correspond exactly to Frascati Manual recommendation
RESDEN.INHAB.TFTE,SVK,1998,Change,Methodology,Do not correspond exactly to Frascati Manual recommendation
RESDEN.INHAB.TFTE,SVK,1999,Change,Methodology,Do not correspond exactly to Frascati Manual recommendation
RESDEN.INHAB.TFTE,SVK,2000,Change,Methodology,Do not correspond exactly to Frascati Manual recommendation
RESDEN.INHAB.TFTE,SVK,2001,Change,Methodology,Do not correspond exactly to Frascati Manual recommendation
RESDEN.INHAB.TFTE,SVK,2002,Change,Methodology,Do not correspond exactly to Frascati Manual recommendation
RESDEN.INHAB.TFTE,SVK,2003,Change,Methodology,Do not correspond exactly to Frascati Manual recommendation
RESDEN.INHAB.TFTE,SVK,2004,Change,Methodology,Do not correspond exactly to Frascati Manual recommendation
RESDEN.INHAB.TFTE,SVK,2005,Change,Methodology,Do not correspond exactly to Frascati Manual recommendation
RESDEN.INHAB.TFTE,SVK,2006,Change,Methodology,Do not correspond exactly to Frascati Manual recommendation
RESDEN.INHAB.TFTE,SVK,2007,Change,Methodology,Do not correspond exactly to Frascati Manual recommendation
RESDEN.INHAB.TFTE,SVK,2008,Change,Methodology,Do not correspond exactly to Frascati Manual recommendation
RESDEN.INHAB.TFTE,SVK,2009,Change,Methodology,Do not correspond exactly to Frascati Manual recommendation
RESDEN.INHAB.TFTE,SVK,2010,Change,Methodology,Do not correspond exactly to Frascati Manual recommendation
RESDEN.INHAB.TFTE,SVK,2011,Change,Methodology,Do not correspond exactly to Frascati Manual recommendation
RESDEN.INHAB.TFTE,SVK,2012,Change,Methodology,Do not correspond exactly to Frascati Manual recommendation
RESDEN.INHAB.TFTE,SVK,2013,Change,Methodology,Do not correspond exactly to Frascati Manual recommendation
RESDEN.INHAB.TFTE,SVK,2014,Change,Methodology,Do not correspond exactly to Frascati Manual recommendation
RESDEN.INHAB.TFTE,SVK,2015,Change,Methodology,Do not correspond exactly to Frascati Manual recommendation
RESDEN.INHAB.TFTE,SVK,2016,Change,Methodology,Do not correspond exactly to Frascati Manual recommendation
RESDEN.INHAB.TFTE,SVK,2017,Change,Methodology,Do not correspond exactly to Frascati Manual recommendation
RESDEN.INHAB.TFTE,SVK,2018,Change,Methodology,Do not correspond exactly to Frascati Manual recommendation
RESDEN.INHAB.TFTE,SVK,2019,Change,Methodology,Do not correspond exactly to Frascati Manual recommendation
RESDEN.INHAB.TFTE,SVK,2020,Change,Methodology,Do not correspond exactly to Frascati Manual recommendation
RESDEN.INHAB.TFTE,SVK,2021,Change,Methodology,Do not correspond exactly to Frascati Manual recommendation
RESDEN.INHAB.TFTE,SVK,2022,Change,Methodology,Do not correspond exactly to Frascati Manual recommendation
RESDEN.INHAB.TFTE,SVK,2023,Change,Methodology,Do not correspond exactly to Frascati Manual recommendation
RESDEN.INHAB.TFTE,SVN,2008,Change,Break in series,Break in series with previous year for which data are available
RESDEN.INHAB.TFTE,SVN,2011,Change,Break in series,Break in series with previous year for which data are available
RESDEN.INHAB.TFTE,SVN,2017,Change,Methodology,Do not correspond exactly to Frascati Manual recommendation
RESDEN.INHAB.TFTE,SVN,2018,Change,Methodology,Do not correspond exactly to Frascati Manual recommendation
RESDEN.INHAB.TFTE,SVN,2019,Change,Methodology,Do not correspond exactly to Frascati Manual recommendation
RESDEN.INHAB.TFTE,SVN,2020,Change,Methodology,Do not correspond exactly to Frascati Manual recommendation
RESDEN.INHAB.TFTE,SVN,2021,Change,Methodology,Do not correspond exactly to Frascati Manual recommendation
RESDEN.INHAB.TFTE,SVN,2022,Change,Methodology,Do not correspond exactly to Frascati Manual recommendation
RESDEN.INHAB.TFTE,SVN,2023,Change,Methodology,Do not correspond exactly to Frascati Manual recommendation
RESDEN.INHAB.TFTE,SWE,2005,Change,Break in series,Break in series with previous year for which data are available
RESDEN.INHAB.TFTE,SWE,2005,Source,Estimation,National estimation or based on National estimation
RESDEN.INHAB.TFTE,SWE,2007,Change,Break in series,Break in series with previous year for which data are available
RESDEN.INHAB.TFTE,SWE,2007,Change,Methodology,Do not correspond exactly to Frascati Manual recommendation
RESDEN.INHAB.TFTE,SWE,2007,Source,Estimation,National estimation or based on National estimation
RESDEN.INHAB.TFTE,SWE,2008,Source,Estimation,National estimation or based on National estimation
RESDEN.INHAB.TFTE,SWE,2009,Source,Estimation,National estimation or based on National estimation
RESDEN.INHAB.TFTE,SWE,2010,Source,Estimation,National estimation or based on National estimation
RESDEN.INHAB.TFTE,SWE,2011,Source,Estimation,National estimation or based on National estimation
RESDEN.INHAB.TFTE,SWE,2012,Source,Estimation,National estimation or based on National estimation
RESDEN.INHAB.TFTE,SWE,2013,Change,Break in series,Break in series with previous year for which data are available
RESDEN.INHAB.TFTE,SWE,2013,Source,Estimation,National estimation or based on National estimation
RESDEN.INHAB.TFTE,SWE,2014,Source,Estimation,National estimation or based on National estimation
RESDEN.INHAB.TFTE,SWE,2015,Source,Estimation,National estimation or based on National estimation
RESDEN.INHAB.TFTE,SWE,2016,Source,Estimation,National estimation or based on National estimation
RESDEN.INHAB.TFTE,SWE,2018,Source,Estimation,National estimation or based on National estimation
RESDEN.INHAB.TFTE,SYC,2005,Under Coverage,Partial data,Partial data
RESDEN.INHAB.TFTE,SYR,2015,Under Coverage,Sectors,Excluding Business enterprise
RESDEN.INHAB.TFTE,SYR,2015,Under Coverage,Sectors,Excluding Private non-profit
RESDEN.INHAB.TFTE,SYR,2022,Under Coverage,Sectors,Excluding Business enterprise
RESDEN.INHAB.TFTE,SYR,2022,Under Coverage,Sectors,Excluding Private non-profit
RESDEN.INHAB.TFTE,TCD,2016,Under Coverage,Sectors,Excluding Business enterprise
RESDEN.INHAB.TFTE,TCD,2016,Under Coverage,Sectors,Excluding Private non-profit
RESDEN.INHAB.TFTE,TGO,2003,Under Coverage,Sectors,Higher Education only
RESDEN.INHAB.TFTE,TGO,2004,Under Coverage,Sectors,Higher Education only
RESDEN.INHAB.TFTE,TGO,2005,Change,Break in series,Break in series with previous year for which data are available
RESDEN.INHAB.TFTE,TGO,2005,Under Coverage,Sectors,Higher Education only
RESDEN.INHAB.TFTE,TGO,2006,Under Coverage,Sectors,Higher Education only
RESDEN.INHAB.TFTE,TGO,2007,Change,Break in series,Break in series with previous year for which data are available
RESDEN.INHAB.TFTE,TGO,2007,Under Coverage,Sectors,Excluding Business enterprise
RESDEN.INHAB.TFTE,TGO,2010,Change,Break in series,Break in series with previous year for which data are available
RESDEN.INHAB.TFTE,TGO,2010,Source,Data source,Source: Regional Publication
RESDEN.INHAB.TFTE,TGO,2010,Under Coverage,Sectors,Excluding Business enterprise
RESDEN.INHAB.TFTE,TGO,2011,Under Coverage,Sectors,Excluding Business enterprise
RESDEN.INHAB.TFTE,TGO,2012,Under Coverage,Sectors,Excluding Business enterprise
RESDEN.INHAB.TFTE,TGO,2014,Under Coverage,Sectors,Excluding Business enterprise
RESDEN.INHAB.TFTE,TGO,2015,Source,Data source,Source: Regional Publication
RESDEN.INHAB.TFTE,TGO,2015,Under Coverage,Sectors,Excluding Business enterprise
RESDEN.INHAB.TFTE,TGO,2015,Under Coverage,Sectors,Excluding Private non-profit
RESDEN.INHAB.TFTE,TGO,2016,Under Coverage,Sectors,Excluding Business enterprise
RESDEN.INHAB.TFTE,TGO,2016,Under Coverage,Sectors,Excluding Private non-profit
RESDEN.INHAB.TFTE,TGO,2017,Under Coverage,Sectors,Excluding Business enterprise
RESDEN.INHAB.TFTE,TGO,2017,Under Coverage,Sectors,Excluding Private non-profit
RESDEN.INHAB.TFTE,TGO,2018,Under Coverage,Sectors,Excluding Business enterprise
RESDEN.INHAB.TFTE,TGO,2018,Under Coverage,Sectors,Excluding Private non-profit
RESDEN.INHAB.TFTE,TGO,2019,Under Coverage,Sectors,Excluding Business enterprise
RESDEN.INHAB.TFTE,TGO,2019,Under Coverage,Sectors,Excluding Private non-profit
RESDEN.INHAB.TFTE,TGO,2020,Under Coverage,Sectors,Excluding Business enterprise
RESDEN.INHAB.TFTE,TGO,2020,Under Coverage,Sectors,Excluding Private non-profit
RESDEN.INHAB.TFTE,TGO,2021,Under Coverage,Sectors,Excluding Business enterprise
RESDEN.INHAB.TFTE,TGO,2021,Under Coverage,Sectors,Excluding Higher Education
RESDEN.INHAB.TFTE,TGO,2022,Under Coverage,Sectors,Excluding Business enterprise
RESDEN.INHAB.TFTE,TGO,2022,Under Coverage,Sectors,Excluding Private non-profit
RESDEN.INHAB.TFTE,TGO,2023,Under Coverage,Sectors,Excluding Business enterprise
RESDEN.INHAB.TFTE,TGO,2023,Under Coverage,Sectors,Excluding Private non-profit
RESDEN.INHAB.TFTE,TTO,2019,Under Coverage,Sectors,Excluding Business enterprise
RESDEN.INHAB.TFTE,TTO,2020,Under Coverage,Sectors,Excluding Business enterprise
RESDEN.INHAB.TFTE,TTO,2021,Under Coverage,Sectors,Excluding Business enterprise
RESDEN.INHAB.TFTE,TTO,2022,Under Coverage,Sectors,Excluding Business enterprise
RESDEN.INHAB.TFTE,TZA,2010,Source,Data source,Source: Regional Publication
RESDEN.INHAB.TFTE,TZA,2010,Under Coverage,Partial data,Partial data
RESDEN.INHAB.TFTE,TZA,2010,Under Coverage,Sectors,Excluding Business enterprise
RESDEN.INHAB.TFTE,TZA,2013,Under Coverage,Partial data,Partial data
RESDEN.INHAB.TFTE,TZA,2013,Under Coverage,Sectors,Excluding Business enterprise
RESDEN.INHAB.TFTE,UGA,2014,Change,Break in series,Break in series with previous year for which data are available
RESDEN.INHAB.TFTE,UGA,2023,Change,Break in series,Break in series with previous year for which data are available
RESDEN.INHAB.TFTE,UGA,2023,Provisional data,Provisional data,Provisional data
RESDEN.INHAB.TFTE,UKR,2006,Under Coverage,Underestimated,Underestimated or based on underestimated data
RESDEN.INHAB.TFTE,UKR,2007,Under Coverage,Underestimated,Underestimated or based on underestimated data
RESDEN.INHAB.TFTE,UKR,2008,Under Coverage,Underestimated,Underestimated or based on underestimated data
RESDEN.INHAB.TFTE,UKR,2009,Under Coverage,Underestimated,Underestimated or based on underestimated data
RESDEN.INHAB.TFTE,UKR,2010,Under Coverage,Underestimated,Underestimated or based on underestimated data
RESDEN.INHAB.TFTE,UKR,2011,Under Coverage,Underestimated,Underestimated or based on underestimated data
RESDEN.INHAB.TFTE,UKR,2012,Under Coverage,Underestimated,Underestimated or based on underestimated data
RESDEN.INHAB.TFTE,UKR,2013,Under Coverage,Underestimated,Underestimated or based on underestimated data
RESDEN.INHAB.TFTE,UKR,2014,Under Coverage,Geographic region,Excluding data from some regions/provinces/states
RESDEN.INHAB.TFTE,UKR,2014,Under Coverage,Underestimated,Underestimated or based on underestimated data
RESDEN.INHAB.TFTE,UKR,2015,Under Coverage,Geographic region,Excluding data from some regions/provinces/states
RESDEN.INHAB.TFTE,UKR,2015,Under Coverage,Underestimated,Underestimated or based on underestimated data
RESDEN.INHAB.TFTE,UKR,2016,Change,Break in series,Break in series with previous year for which data are available
RESDEN.INHAB.TFTE,UKR,2016,Under Coverage,Geographic region,Excluding data from some regions/provinces/states
RESDEN.INHAB.TFTE,UKR,2017,Under Coverage,Geographic region,Excluding data from some regions/provinces/states
RESDEN.INHAB.TFTE,UKR,2018,Under Coverage,Geographic region,Excluding data from some regions/provinces/states
RESDEN.INHAB.TFTE,UKR,2019,Under Coverage,Geographic region,Excluding data from some regions/provinces/states
RESDEN.INHAB.TFTE,UKR,2020,Under Coverage,Geographic region,Excluding data from some regions/provinces/states
RESDEN.INHAB.TFTE,UKR,2021,Under Coverage,Geographic region,Excluding data from some regions/provinces/states
RESDEN.INHAB.TFTE,UKR,2022,Under Coverage,Geographic region,Excluding data from some regions/provinces/states
RESDEN.INHAB.TFTE,URY,2008,Change,Break in series,Break in series with previous year for which data are available
RESDEN.INHAB.TFTE,URY,2023,Provisional data,Provisional data,Provisional data
RESDEN.INHAB.TFTE,USA,1996,Source,Estimation,National estimation or based on National estimation
RESDEN.INHAB.TFTE,USA,1997,Source,Estimation,National estimation or based on National estimation
RESDEN.INHAB.TFTE,USA,1998,Source,Estimation,National estimation or based on National estimation
RESDEN.INHAB.TFTE,USA,1999,Source,Estimation,National estimation or based on National estimation
RESDEN.INHAB.TFTE,USA,2000,Source,Estimation,National estimation or based on National estimation
RESDEN.INHAB.TFTE,USA,2001,Source,Estimation,National estimation or based on National estimation
RESDEN.INHAB.TFTE,USA,2002,Source,Estimation,National estimation or based on National estimation
RESDEN.INHAB.TFTE,USA,2003,Source,Estimation,National estimation or based on National estimation
RESDEN.INHAB.TFTE,USA,2004,Source,Estimation,National estimation or based on National estimation
RESDEN.INHAB.TFTE,USA,2005,Source,Estimation,National estimation or based on National estimation
RESDEN.INHAB.TFTE,USA,2006,Source,Estimation,National estimation or based on National estimation
RESDEN.INHAB.TFTE,USA,2007,Source,Estimation,National estimation or based on National estimation
RESDEN.INHAB.TFTE,USA,2008,Source,Estimation,National estimation or based on National estimation
RESDEN.INHAB.TFTE,USA,2009,Source,Estimation,National estimation or based on National estimation
RESDEN.INHAB.TFTE,USA,2010,Source,Estimation,National estimation or based on National estimation
RESDEN.INHAB.TFTE,USA,2011,Source,Estimation,National estimation or based on National estimation
RESDEN.INHAB.TFTE,USA,2012,Source,Estimation,National estimation or based on National estimation
RESDEN.INHAB.TFTE,USA,2013,Source,Estimation,National estimation or based on National estimation
RESDEN.INHAB.TFTE,USA,2014,Source,Estimation,National estimation or based on National estimation
RESDEN.INHAB.TFTE,USA,2015,Source,Estimation,National estimation or based on National estimation
RESDEN.INHAB.TFTE,USA,2016,Source,Estimation,National estimation or based on National estimation
RESDEN.INHAB.TFTE,USA,2017,Source,Estimation,National estimation or based on National estimation
RESDEN.INHAB.TFTE,USA,2018,Source,Estimation,National estimation or based on National estimation
RESDEN.INHAB.TFTE,USA,2019,Source,Estimation,National estimation or based on National estimation
RESDEN.INHAB.TFTE,USA,2020,Source,Estimation,National estimation or based on National estimation
RESDEN.INHAB.TFTE,USA,2021,Source,Estimation,National estimation or based on National estimation
RESDEN.INHAB.TFTE,VEN,1998,Under Coverage,Partial data,Partial data
RESDEN.INHAB.TFTE,VEN,1999,Under Coverage,Partial data,Partial data
RESDEN.INHAB.TFTE,VEN,2000,Under Coverage,Partial data,Partial data
RESDEN.INHAB.TFTE,VEN,2001,Under Coverage,Partial data,Partial data
RESDEN.INHAB.TFTE,VEN,2002,Under Coverage,Partial data,Partial data
RESDEN.INHAB.TFTE,VEN,2003,Under Coverage,Partial data,Partial data
RESDEN.INHAB.TFTE,VEN,2004,Under Coverage,Partial data,Partial data
RESDEN.INHAB.TFTE,VEN,2005,Under Coverage,Partial data,Partial data
RESDEN.INHAB.TFTE,VEN,2006,Under Coverage,Partial data,Partial data
RESDEN.INHAB.TFTE,VEN,2007,Under Coverage,Partial data,Partial data
RESDEN.INHAB.TFTE,VEN,2008,Under Coverage,Partial data,Partial data
RESDEN.INHAB.TFTE,VEN,2009,Under Coverage,Partial data,Partial data
RESDEN.INHAB.TFTE,VEN,2010,Under Coverage,Partial data,Partial data
RESDEN.INHAB.TFTE,VEN,2011,Under Coverage,Partial data,Partial data
RESDEN.INHAB.TFTE,VEN,2012,Under Coverage,Partial data,Partial data
RESDEN.INHAB.TFTE,VEN,2013,Under Coverage,Partial data,Partial data
RESDEN.INHAB.TFTE,VEN,2014,Under Coverage,Partial data,Partial data
RESDEN.INHAB.TFTE,VEN,2015,Under Coverage,Partial data,Partial data
RESDEN.INHAB.TFTE,VEN,2016,Under Coverage,Partial data,Partial data
RESDEN.INHAB.TFTE,VEN,2019,Under Coverage,Partial data,Partial data
RESDEN.INHAB.TFTE,VEN,2020,Under Coverage,Partial data,Partial data
RESDEN.INHAB.TFTE,VEN,2021,Under Coverage,Partial data,Partial data
RESDEN.INHAB.TFTE,VEN,2022,Under Coverage,Partial data,Partial data
RESDEN.INHAB.TFTE,VEN,2023,Provisional data,Provisional data,Provisional data
RESDEN.INHAB.TFTE,VEN,2023,Under Coverage,Partial data,Partial data
RESDEN.INHAB.TFTE,VNM,2013,Change,Break in series,Break in series with previous year for which data are available
RESDEN.INHAB.TFTE,ZAF,1997,Under Coverage,Underestimated,Underestimated or based on underestimated data
RESDEN.INHAB.TFTE,ZMB,1996,Under Coverage,Partial data,Partial data
RESDEN.INHAB.TFTE,ZMB,1997,Under Coverage,Partial data,Partial data
RESDEN.INHAB.TFTE,ZMB,1998,Under Coverage,Partial data,Partial data
RESDEN.INHAB.TFTE,ZMB,1999,Under Coverage,Partial data,Partial data
RESDEN.INHAB.TFTE,ZMB,2008,Change,Break in series,Break in series with previous year for which data are available
RESDEN.INHAB.TFTE,ZMB,2008,Source,Data source,Source: Regional Publication
RESDEN.INHAB.TFTE,ZWE,2012,Under Coverage,Sectors,Excluding Business enterprise