ISO3166-1-Alpha-3,ISO3166-1-Alpha-2,official_name_fr,Region Name,Capital,Languages,ISO4217-currency_name,Land Locked Developing Countries (LLDC),Small Island Developing States (SIDS),Least Developed Countries (LDC),is_independent
AFG,AF,Afghanistan,Asie,Kabul,"fa-AF,ps,uz-AF,tk",Afghani,x,,x,Yes
ALA,AX,Îles d’Åland,Europe,Mariehamn,sv-AX,Euro,,,,Part of FI
ALB,AL,Albanie,Europe,Tirana,"sq,el",Lek,,,,Yes
DZA,DZ,Algérie,Afrique,Algiers,ar-DZ,Algerian Dinar,,,,Yes
ASM,AS,Samoa américaines,Océanie,Pago Pago,"en-AS,sm,to",US Dollar,,x,,Territory of US
AND,AD,Andorre,Europe,Andorra la Vella,ca,Euro,,,,Yes
AGO,AO,Angola,Afrique,Luanda,pt-AO,Kwanza,,,x,Yes
AIA,AI,Anguilla,Amériques,The Valley,en-AI,East Caribbean Dollar,,x,,Territory of GB
ATA,AQ,Antarctique,,,,No universal currency,,,,International
ATG,AG,Antigua-et-Barbuda,Amériques,St. John's,en-AG,East Caribbean Dollar,,x,,Yes
ARG,AR,Argentine,Amériques,Buenos Aires,"es-AR,en,it,de,fr,gn",Argentine Peso,,,,Yes
ARM,AM,Arménie,Asie,Yerevan,hy,Armenian Dram,x,,,Yes
ABW,AW,Aruba,Amériques,Oranjestad,"nl-AW,pap,es,en",Aruban Florin,,x,,Part of NL
AUS,AU,Australie,Océanie,Canberra,en-AU,Australian Dollar,,,,Yes
AUT,AT,Autriche,Europe,Vienna,"de-AT,hr,hu,sl",Euro,,,,Yes
AZE,AZ,Azerbaïdjan,Asie,Baku,"az,ru,hy",Azerbaijan Manat,x,,,Yes
BHS,BS,Bahamas,Amériques,Nassau,en-BS,Bahamian Dollar,,x,,Yes
BHR,BH,Bahreïn,Asie,Manama,"ar-BH,en,fa,ur",Bahraini Dinar,,,,Yes
BGD,BD,Bangladesh,Asie,Dhaka,"bn-BD,en",Taka,,,x,Yes
BRB,BB,Barbade,Amériques,Bridgetown,en-BB,Barbados Dollar,,x,,Yes
BLR,BY,Bélarus,Europe,Minsk,"be,ru",Belarusian Ruble,,,,Yes
BEL,BE,Belgique,Europe,Brussels,"nl-BE,fr-BE,de-BE",Euro,,,,Yes
BLZ,BZ,Belize,Amériques,Belmopan,"en-BZ,es",Belize Dollar,,x,,Yes
BEN,BJ,Bénin,Afrique,Porto-Novo,fr-BJ,CFA Franc BCEAO,,,x,Yes
BMU,BM,Bermudes,Amériques,Hamilton,"en-BM,pt",Bermudian Dollar,,,,Territory of GB
BTN,BT,Bhoutan,Asie,Thimphu,dz,"Indian Rupee,Ngultrum",x,,,Yes
BOL,BO,Bolivie (État plurinational de),Amériques,Sucre,"es-BO,qu,ay",Boliviano,x,,,Yes
BES,BQ,"Bonaire, Saint-Eustache et Saba",Amériques,,"nl,pap,en",US Dollar,,x,,Part of NL
BIH,BA,Bosnie-Herzégovine,Europe,Sarajevo,"bs,hr-BA,sr-BA",Convertible Mark,,,,Yes
BWA,BW,Botswana,Afrique,Gaborone,"en-BW,tn-BW",Pula,x,,,Yes
BVT,BV,Île Bouvet,Amériques,,,Norwegian Krone,,,,Territory of NO
BRA,BR,Brésil,Amériques,Brasilia,"pt-BR,es,en,fr",Brazilian Real,,,,Yes
IOT,IO,Territoire britannique de l'océan Indien,Afrique,Diego Garcia,en-IO,US Dollar,,,,Territory of GB
VGB,VG,Îles Vierges britanniques,Amériques,Road Town,en-VG,US Dollar,,x,,Territory of GB
BRN,BN,Brunéi Darussalam,Asie,Bandar Seri Begawan,"ms-BN,en-BN",Brunei Dollar,,,,Yes
BGR,BG,Bulgarie,Europe,Sofia,"bg,tr-BG,rom",Euro,,,,Yes
BFA,BF,Burkina Faso,Afrique,Ouagadougou,"fr-BF,mos",CFA Franc BCEAO,x,,x,Yes
BDI,BI,Burundi,Afrique,Gitega,"fr-BI,rn",Burundi Franc,x,,x,Yes
CPV,CV,Cabo Verde,Afrique,Praia,pt-CV,Cabo Verde Escudo,,x,,Yes
KHM,KH,Cambodge,Asie,Phnom Penh,"km,fr,en",Riel,,,x,Yes
CMR,CM,Cameroun,Afrique,Yaounde,"en-CM,fr-CM",CFA Franc BEAC,,,,Yes
CAN,CA,Canada,Amériques,Ottawa,"en-CA,fr-CA,iu",Canadian Dollar,,,,Yes
CYM,KY,Îles Caïmanes,Amériques,George Town,en-KY,Cayman Islands Dollar,,,,Territory of GB
CAF,CF,République centrAfriqueine,Afrique,Bangui,"fr-CF,sg,ln,kg",CFA Franc BEAC,x,,x,Yes
TCD,TD,Tchad,Afrique,N'Djamena,"fr-TD,ar-TD,sre",CFA Franc BEAC,x,,x,Yes
CHL,CL,Chili,Amériques,Santiago,es-CL,Chilean Peso,,,,Yes
CHN,CN,Chine,Asie,Beijing,"zh-CN,yue,wuu,dta,ug,za",Yuan Renminbi,,,,Yes
HKG,HK,"Chine, région administrative spéciale de Hong Kong",Asie,Hong Kong,"zh-HK,yue,zh,en",Hong Kong Dollar,,,,Part of CN
MAC,MO,"Chine, région administrative spéciale de Macao",Asie,Macao,"zh,zh-MO,pt",Pataca,,,,Part of CN
CXR,CX,Île Christmas,Océanie,Flying Fish Cove,"en,zh,ms-CX",Australian Dollar,,,,Territory of AU
CCK,CC,Îles des Cocos (Keeling),Océanie,West Island,"ms-CC,en",Australian Dollar,,,,Territory of AU
COL,CO,Colombie,Amériques,Bogota,es-CO,Colombian Peso,,,,Yes
COM,KM,Comores,Afrique,Moroni,"ar,fr-KM",Comorian Franc ,,x,x,Yes
COG,CG,Congo,Afrique,Brazzaville,"fr-CG,kg,ln-CG",CFA Franc BEAC,,,,Yes
COK,CK,Îles Cook,Océanie,Avarua,"en-CK,mi",New Zealand Dollar,,x,,Associated with NZ
CRI,CR,Costa Rica,Amériques,San Jose,"es-CR,en",Costa Rican Colon,,,,Yes
HRV,HR,Croatie,Europe,Zagreb,"hr-HR,sr",Euro,,,,Yes
CUB,CU,Cuba,Amériques,Havana,"es-CU,pap",Cuban Peso,,x,,Yes
CUW,CW,Curaçao,Amériques, Willemstad,"nl,pap",Caribbean Guilder,,x,,Part of NL
CYP,CY,Chypre,Asie,Nicosia,"el-CY,tr-CY,en",Euro,,,,Yes
CZE,CZ,Tchéquie,Europe,Prague,"cs,sk",Czech Koruna,,,,Yes
PRK,KP,République populaire démocratique de Corée,Asie,Pyongyang,ko-KP,North Korean Won,,,,Yes
COD,CD,République démocratique du Congo,Afrique,Kinshasa,"fr-CD,ln,ktu,kg,sw,lua",Congolese Franc,,,x,Yes
DNK,DK,Danemark,Europe,Copenhagen,"da-DK,en,fo,de-DK",Danish Krone,,,,Yes
DJI,DJ,Djibouti,Afrique,Djibouti,"fr-DJ,ar,so-DJ,aa",Djibouti Franc,,,x,Yes
DMA,DM,Dominique,Amériques,Roseau,en-DM,East Caribbean Dollar,,x,,Yes
DOM,DO,République dominicaine,Amériques,Santo Domingo,es-DO,Dominican Peso,,x,,Yes
ECU,EC,Équateur,Amériques,Quito,es-EC,US Dollar,,,,Yes
EGY,EG,Égypte,Afrique,Cairo,"ar-EG,en,fr",Egyptian Pound,,,,Yes
SLV,SV,El Salvador,Amériques,San Salvador,es-SV,"El Salvador Colon,US Dollar",,,,Yes
GNQ,GQ,Guinée équatoriale,Afrique,Malabo,"es-GQ,fr,pt",CFA Franc BEAC,,,,Yes
ERI,ER,Érythrée,Afrique,Asmara,"aa-ER,ar,tig,kun,ti-ER",Nakfa,,,x,Yes
EST,EE,Estonie,Europe,Tallinn,"et,ru",Euro,,,,Yes
SWZ,SZ,Eswatini,Afrique,Mbabane,"en-SZ,ss-SZ",Lilangeni,x,,,Yes
ETH,ET,Éthiopie,Afrique,Addis Ababa,"am,en-ET,om-ET,ti-ET,so-ET,sid",Ethiopian Birr,x,,x,Yes
FLK,FK,Îles Falkland (Malvinas),Amériques,Stanley,en-FK,Falkland Islands Pound,,,,Territory of GB
FRO,FO,Îles Féroé,Europe,Torshavn,"fo,da-FO",Danish Krone,,,,Part of DK
FJI,FJ,Fidji,Océanie,Suva,"en-FJ,fj",Fiji Dollar,,x,,Yes
FIN,FI,Finlande,Europe,Helsinki,"fi-FI,sv-FI,smn",Euro,,,,Yes
FRA,FR,France,Europe,Paris,"fr-FR,frp,br,co,ca,eu,oc",Euro,,,,Yes
GUF,GF,Guyane française,Amériques,Cayenne,fr-GF,Euro,,,,Part of FR
PYF,PF,Polynésie française,Océanie,Papeete,"fr-PF,ty",CFP Franc,,x,,Territory of FR
ATF,TF,Terres australes françaises,Afrique,Port-aux-Francais,fr,Euro,,,,Territory of FR
GAB,GA,Gabon,Afrique,Libreville,fr-GA,CFA Franc BEAC,,,,Yes
GMB,GM,Gambie,Afrique,Banjul,"en-GM,mnk,wof,wo,ff",Dalasi,,,x,Yes
GEO,GE,Géorgie,Asie,Tbilisi,"ka,ru,hy,az",Lari,,,,Yes
DEU,DE,Allemagne,Europe,Berlin,de,Euro,,,,Yes
GHA,GH,Ghana,Afrique,Accra,"en-GH,ak,ee,tw",Ghana Cedi,,,,Yes
GIB,GI,Gibraltar,Europe,Gibraltar,"en-GI,es,it,pt",Gibraltar Pound,,,,Territory of GB
GRC,GR,Grèce,Europe,Athens,"el-GR,en,fr",Euro,,,,Yes
GRL,GL,Groenland,Amériques,Nuuk,"kl,da-GL,en",Danish Krone,,,,Part of DK
GRD,GD,Grenade,Amériques,St. George's,en-GD,East Caribbean Dollar,,x,,Yes
GLP,GP,Guadeloupe,Amériques,Basse-Terre,fr-GP,Euro,,,,Part of FR
GUM,GU,Guam,Océanie,Hagatna,"en-GU,ch-GU",US Dollar,,x,,Territory of US
GTM,GT,Guatemala,Amériques,Guatemala City,es-GT,Quetzal,,,,Yes
GGY,GG,Guernesey,Europe,St Peter Port,"en,nrf",Pound Sterling,,,,Crown dependency of GB
GIN,GN,Guinée,Afrique,Conakry,fr-GN,Guinean Franc,,,x,Yes
GNB,GW,Guinée-Bissau,Afrique,Bissau,"pt-GW,pov",CFA Franc BCEAO,,x,x,Yes
GUY,GY,Guyana,Amériques,Georgetown,en-GY,Guyana Dollar,,x,,Yes
HTI,HT,Haïti,Amériques,Port-au-Prince,"ht,fr-HT","Gourde,US Dollar",,x,x,Yes
HMD,HM,Île Heard-et-Îles MacDonald,Océanie,,,Australian Dollar,,,,Territory of AU
VAT,VA,Saint-Siège,Europe,Vatican City,"la,it,fr",Euro,,,,Yes
HND,HN,Honduras,Amériques,Tegucigalpa,"es-HN,cab,miq",Lempira,,,,Yes
HUN,HU,Hongrie,Europe,Budapest,hu-HU,Forint,,,,Yes
ISL,IS,Islande,Europe,Reykjavik,"is,en,de,da,sv,no",Iceland Krona,,,,Yes
IND,IN,Inde,Asie,New Delhi,"en-IN,hi,bn,te,mr,ta,ur,gu,kn,ml,or,pa,as,bh,sat,ks,ne,sd,kok,doi,mni,sit,sa,fr,lus,inc",Indian Rupee,,,,Yes
IDN,ID,Indonésie,Asie,Jakarta,"id,en,nl,jv",Rupiah,,,,Yes
IRN,IR,Iran (République islamique d’),Asie,Tehran,"fa-IR,ku",Iranian Rial,,,,Yes
IRQ,IQ,Iraq,Asie,Baghdad,"ar-IQ,ku,hy",Iraqi Dinar,,,,Yes
IRL,IE,Irlande,Europe,Dublin,"en-IE,ga-IE",Euro,,,,Yes
IMN,IM,Île de Man,Europe,Douglas,"en,gv",Pound Sterling,,,,Crown dependency of GB
ISR,IL,Israël,Asie,Jerusalem,"he,ar-IL,en-IL,",New Israeli Sheqel,,,,Yes
ITA,IT,Italie,Europe,Rome,"it-IT,de-IT,fr-IT,sc,ca,co,sl",Euro,,,,Yes
CIV,CI,Côte d’Ivoire,Afrique,Yamoussoukro,fr-CI,CFA Franc BCEAO,,,,Yes
JAM,JM,Jamaïque,Amériques,Kingston,en-JM,Jamaican Dollar,,x,,Yes
JPN,JP,Japon,Asie,Tokyo,ja,Yen,,,,Yes
JEY,JE,Jersey,Europe,Saint Helier,"en,fr,nrf",Pound Sterling,,,,Crown dependency of GB
JOR,JO,Jordanie,Asie,Amman,"ar-JO,en",Jordanian Dinar,,,,Yes
KAZ,KZ,Kazakhstan,Asie,Nur-Sultan,"kk,ru",Tenge,x,,,Yes
KEN,KE,Kenya,Afrique,Nairobi,"en-KE,sw-KE",Kenyan Shilling,,,,Yes
KIR,KI,Kiribati,Océanie,Tarawa,"en-KI,gil",Australian Dollar,,x,x,Yes
KWT,KW,Koweït,Asie,Kuwait City,"ar-KW,en",Kuwaiti Dinar,,,,Yes
KGZ,KG,Kirghizistan,Asie,Bishkek,"ky,uz,ru",Som,x,,,Yes
LAO,LA,République démocratique populaire lao,Asie,Vientiane,"lo,fr,en",Lao Kip,x,,x,Yes
LVA,LV,Lettonie,Europe,Riga,"lv,ru,lt",Euro,,,,Yes
LBN,LB,Liban,Asie,Beirut,"ar-LB,fr-LB,en,hy",Lebanese Pound,,,,Yes
LSO,LS,Lesotho,Afrique,Maseru,"en-LS,st,zu,xh","Loti,Rand",x,,x,Yes
LBR,LR,Libéria,Afrique,Monrovia,en-LR,Liberian Dollar,,,x,Yes
LBY,LY,Libye,Afrique,Tripoli,"ar-LY,it,en",Libyan Dinar,,,,Yes
LIE,LI,Liechtenstein,Europe,Vaduz,de-LI,Swiss Franc,,,,Yes
LTU,LT,Lituanie,Europe,Vilnius,"lt,ru,pl",Euro,,,,Yes
LUX,LU,Luxembourg,Europe,Luxembourg,"lb,de-LU,fr-LU",Euro,,,,Yes
MDG,MG,Madagascar,Afrique,Antananarivo,"fr-MG,mg",Malagasy Ariary,,,x,Yes
MWI,MW,Malawi,Afrique,Lilongwe,"ny,yao,tum,swk",Malawi Kwacha,x,,x,Yes
MYS,MY,Malaisie,Asie,Kuala Lumpur,"ms-MY,en,zh,ta,te,ml,pa,th",Malaysian Ringgit,,,,Yes
MDV,MV,Maldives,Asie,Male,"dv,en",Rufiyaa,,x,,Yes
MLI,ML,Mali,Afrique,Bamako,"fr-ML,bm",CFA Franc BCEAO,x,,x,Yes
MLT,MT,Malte,Europe,Valletta,"mt,en-MT",Euro,,,,Yes
MHL,MH,Îles Marshall,Océanie,Majuro,"mh,en-MH",US Dollar,,x,,Yes
MTQ,MQ,Martinique,Amériques,Fort-de-France,fr-MQ,Euro,,,,Part of FR
MRT,MR,Mauritanie,Afrique,Nouakchott,"ar-MR,fuc,snk,fr,mey,wo",Ouguiya,,,x,Yes
MUS,MU,Maurice,Afrique,Port Louis,"en-MU,bho,fr",Mauritius Rupee,,x,,Yes
MYT,YT,Mayotte,Afrique,Mamoudzou,fr-YT,Euro,,,,Part of FR
MEX,MX,Mexique,Amériques,Mexico City,es-MX,Mexican Peso,,,,Yes
FSM,FM,Micronésie (États fédérés de),Océanie,Palikir,"en-FM,chk,pon,yap,kos,uli,woe,nkr,kpg",US Dollar,,x,,Yes
MCO,MC,Monaco,Europe,Monaco,"fr-MC,en,it",Euro,,,,Yes
MNG,MN,Mongolie,Asie,Ulaanbaatar,"mn,ru",Tugrik,x,,,Yes
MNE,ME,Monténégro,Europe,Podgorica,"sr,hu,bs,sq,hr,rom",Euro,,,,Yes
MSR,MS,Montserrat,Amériques,Plymouth,en-MS,East Caribbean Dollar,,x,,Territory of GB
MAR,MA,Maroc,Afrique,Rabat,"ar-MA,ber,fr",Moroccan Dirham,,,,Yes
MOZ,MZ,Mozambique,Afrique,Maputo,"pt-MZ,vmw",Mozambique Metical,,,x,Yes
MMR,MM,Myanmar,Asie,Nay Pyi Taw,my,Kyat,,,x,Yes
NAM,NA,Namibie,Afrique,Windhoek,"en-NA,af,de,hz,naq","Namibia Dollar,Rand",,,,Yes
NRU,NR,Nauru,Océanie,Yaren,"na,en-NR",Australian Dollar,,x,,Yes
NPL,NP,Népal,Asie,Kathmandu,"ne,en",Nepalese Rupee,x,,x,Yes
NLD,NL,Pays-Bas (Royaume des),Europe,Amsterdam,"nl-NL,fy-NL",Euro,,,,Yes
NCL,NC,Nouvelle-Calédonie,Océanie,Noumea,fr-NC,CFP Franc,,x,,Territory of FR
NZL,NZ,Nouvelle-Zélande,Océanie,Wellington,"en-NZ,mi",New Zealand Dollar,,,,Yes
NIC,NI,Nicaragua,Amériques,Managua,"es-NI,en",Cordoba Oro,,,,Yes
NER,NE,Niger,Afrique,Niamey,"fr-NE,ha,kr,dje",CFA Franc BCEAO,x,,x,Yes
NGA,NG,Nigéria,Afrique,Abuja,"en-NG,ha,yo,ig,ff",Naira,,,,Yes
NIU,NU,Nioué,Océanie,Alofi,"niu,en-NU",New Zealand Dollar,,x,,Associated with NZ
NFK,NF,Île Norfolk,Océanie,Kingston,en-NF,Australian Dollar,,,,Territory of AU
MNP,MP,Îles Mariannes du Nord,Océanie,Saipan,"fil,tl,zh,ch-MP,en-MP",US Dollar,,x,,Commonwealth of US
MKD,MK,Macédoine du Nord,Europe,Skopje,"mk,sq,tr,rmm,sr",Denar,x,,,Yes
NOR,NO,Norvège,Europe,Oslo,"no,nb,nn,se,fi",Norwegian Krone,,,,Yes
OMN,OM,Oman,Asie,Muscat,"ar-OM,en,bal,ur",Rial Omani,,,,Yes
PAK,PK,Pakistan,Asie,Islamabad,"ur-PK,en-PK,pa,sd,ps,brh",Pakistan Rupee,,,,Yes
PLW,PW,Palaos,Océanie,Melekeok,"pau,sov,en-PW,tox,ja,fil,zh",US Dollar,,x,,Yes
PAN,PA,Panama,Amériques,Panama City,"es-PA,en","Balboa,US Dollar",,,,Yes
PNG,PG,Papouasie-Nouvelle-Guinée,Océanie,Port Moresby,"en-PG,ho,meu,tpi",Kina,,x,,Yes
PRY,PY,Paraguay,Amériques,Asuncion,"es-PY,gn",Guarani,x,,,Yes
PER,PE,Pérou,Amériques,Lima,"es-PE,qu,ay",Sol,,,,Yes
PHL,PH,Philippines,Asie,Manila,"tl,en-PH,fil,ceb,ilo,hil,war,pam,bik,bcl,pag,mrw,tsg,mdh,cbk,krj,sgd,msb,akl,ibg,yka,mta,abx",Philippine Peso,,,,Yes
PCN,PN,Pitcairn,Océanie,Adamstown,en-PN,New Zealand Dollar,,,,Territory of GB
POL,PL,Pologne,Europe,Warsaw,pl,Zloty,,,,Yes
PRT,PT,Portugal,Europe,Lisbon,"pt-PT,mwl",Euro,,,,Yes
PRI,PR,Porto Rico,Amériques,San Juan,"en-PR,es-PR",US Dollar,,x,,Commonwealth of US
QAT,QA,Qatar,Asie,Doha,"ar-QA,es",Qatari Rial,,,,Yes
KOR,KR,République de Corée,Asie,Seoul,"ko-KR,en",Won,,,,Yes
MDA,MD,République de Moldova,Europe,Chisinau,"ro,ru,gag,tr",Moldovan Leu,x,,,Yes
REU,RE,Réunion,Afrique,Saint-Denis,fr-RE,Euro,,,,Part of FR
ROU,RO,Roumanie,Europe,Bucharest,"ro,hu,rom",Romanian Leu,,,,Yes
RUS,RU,Fédération de Russie,Europe,Moscow,"ru,tt,xal,cau,ady,kv,ce,tyv,cv,udm,tut,mns,bua,myv,mdf,chm,ba,inh,kbd,krc,av,sah,nog",Russian Ruble,,,,Yes
RWA,RW,Rwanda,Afrique,Kigali,"rw,en-RW,fr-RW,sw",Rwanda Franc,x,,x,Yes
BLM,BL,Saint-Barthélemy,Amériques,Gustavia,fr,Euro,,,,Part of FR
SHN,SH,Sainte-Hélène,Afrique,Jamestown,en-SH,Saint Helena Pound,,,,Territory of GB
KNA,KN,Saint-Kitts-et-Nevis,Amériques,Basseterre,en-KN,East Caribbean Dollar,,x,,Yes
LCA,LC,Sainte-Lucie,Amériques,Castries,en-LC,East Caribbean Dollar,,x,,Yes
MAF,MF,Saint-Martin (partie française),Amériques,Marigot,fr,Euro,,,,Part of FR
SPM,PM,Saint-Pierre-et-Miquelon,Amériques,Saint-Pierre,fr-PM,Euro,,,,Part of FR
VCT,VC,Saint-Vincent-et-les Grenadines,Amériques,Kingstown,"en-VC,fr",East Caribbean Dollar,,x,,Yes
WSM,WS,Samoa,Océanie,Apia,"sm,en-WS",Tala,,x,,Yes
SMR,SM,Saint-Marin,Europe,San Marino,it-SM,Euro,,,,Yes
STP,ST,Sao Tomé-et-Principe,Afrique,Sao Tome,pt-ST,Dobra,,x,x,Yes
SAU,SA,Arabie saoudite,Asie,Riyadh,ar-SA,Saudi Riyal,,,,Yes
SEN,SN,Sénégal,Afrique,Dakar,"fr-SN,wo,fuc,mnk",CFA Franc BCEAO,,,x,Yes
SRB,RS,Serbie,Europe,Belgrade,"sr,hu,bs,rom",Serbian Dinar,,,,Yes
SYC,SC,Seychelles,Afrique,Victoria,"en-SC,fr-SC",Seychelles Rupee,,x,,Yes
SLE,SL,Sierra Leone,Afrique,Freetown,"en-SL,men,tem",Leone,,,x,Yes
SGP,SG,Singapour,Asie,Singapore,"cmn,en-SG,ms-SG,ta-SG,zh-SG",Singapore Dollar,,x,,Yes
SXM,SX,Saint-Martin (partie néerlandaise),Amériques,Philipsburg,"nl,en",Caribbean Guilder,,x,,Part of NL
SVK,SK,Slovaquie,Europe,Bratislava,"sk,hu",Euro,,,,Yes
SVN,SI,Slovénie,Europe,Ljubljana,"sl,sh",Euro,,,,Yes
SLB,SB,Îles Salomon,Océanie,Honiara,"en-SB,tpi",Solomon Islands Dollar,,x,x,Yes
SOM,SO,Somalie,Afrique,Mogadishu,"so-SO,ar-SO,it,en-SO",Somali Shilling,,,x,Yes
ZAF,ZA,Afrique du Sud,Afrique,Pretoria,"zu,xh,af,nso,en-ZA,tn,st,ts,ss,ve,nr",Rand,,,,Yes
SGS,GS,Géorgie du Sud-et-les Îles Sandwich du Sud,Amériques,Grytviken,en,No universal currency,,,,Territory of GB
SSD,SS,Soudan du Sud,Afrique,Juba,en,South Sudanese Pound,x,,x,Yes
ESP,ES,Espagne,Europe,Madrid,"es-ES,ca,gl,eu,oc",Euro,,,,Yes
LKA,LK,Sri Lanka,Asie,Colombo,"si,ta,en",Sri Lanka Rupee,,,,Yes
PSE,PS,État de Palestine,Asie,East Jerusalem,ar-PS,No universal currency,,,,In contention
SDN,SD,Soudan,Afrique,Khartoum,"ar-SD,en,fia",Sudanese Pound,,,x,Yes
SUR,SR,Suriname,Amériques,Paramaribo,"nl-SR,en,srn,hns,jv",Surinam Dollar,,x,,Yes
SJM,SJ,Îles Svalbard-et-Jan Mayen,Europe,Longyearbyen,"no,ru",Norwegian Krone,,,,Territory of NO
SWE,SE,Suède,Europe,Stockholm,"sv-SE,se,sma,fi-SE",Swedish Krona,,,,Yes
CHE,CH,Suisse,Europe,Bern,"de-CH,fr-CH,it-CH,rm",Swiss Franc,,,,Yes
SYR,SY,République arabe syrienne,Asie,Damascus,"ar-SY,ku,hy,arc,fr,en",Syrian Pound,,,,Yes
TWN,TW,Taïwan,Asie,Taipei,"zh-TW,zh,nan,hak",New Taiwan Dollar,,,,Yes
TJK,TJ,Tadjikistan,Asie,Dushanbe,"tg,ru",Somoni,x,,,Yes
THA,TH,Thaïlande,Asie,Bangkok,"th,en",Baht,,,,Yes
TLS,TL,Timor-Leste,Asie,Dili,"tet,pt-TL,id,en",US Dollar,,x,x,Yes
TGO,TG,Togo,Afrique,Lome,"fr-TG,ee,hna,kbp,dag,ha",CFA Franc BCEAO,,,x,Yes
TKL,TK,Tokélaou,Océanie,,"tkl,en-TK",New Zealand Dollar,,,,Territory of NZ
TON,TO,Tonga,Océanie,Nuku'alofa,"to,en-TO",Pa’anga,,x,,Yes
TTO,TT,Trinité-et-Tobago,Amériques,Port of Spain,"en-TT,hns,fr,es,zh",Trinidad and Tobago Dollar,,x,,Yes
TUN,TN,Tunisie,Afrique,Tunis,"ar-TN,fr",Tunisian Dinar,,,,Yes
TUR,TR,Türkiye,Asie,Ankara,"tr-TR,ku,diq,az,av",Turkish Lira,,,,Yes
TKM,TM,Turkménistan,Asie,Ashgabat,"tk,ru,uz",Turkmenistan New Manat,x,,,Yes
TCA,TC,Îles Turques-et-Caïques,Amériques,Cockburn Town,en-TC,US Dollar,,,,Territory of GB
TUV,TV,Tuvalu,Océanie,Funafuti,"tvl,en,sm,gil",Australian Dollar,,x,x,Yes
UGA,UG,Ouganda,Afrique,Kampala,"en-UG,lg,sw,ar",Uganda Shilling,x,,x,Yes
UKR,UA,Ukraine,Europe,Kyiv,"uk,ru-UA,rom,pl,hu",Hryvnia,,,,Yes
ARE,AE,Émirats arabes unis,Asie,Abu Dhabi,"ar-AE,fa,en,hi,ur",UAE Dirham,,,,Yes
GBR,GB,Royaume-Uni de Grande-Bretagne et d’Irlande du Nord,Europe,London,"en-GB,cy-GB,gd",Pound Sterling,,,,Yes
TZA,TZ,République-Unie de Tanzanie,Afrique,Dodoma,"sw-TZ,en,ar",Tanzanian Shilling,,,x,Yes
UMI,UM,Îles mineures éloignées des États-Unis,Océanie,,en-UM,US Dollar,,,,Territories of US
USA,US,États-Unis d’Amérique,Amériques,Washington,"en-US,es-US,haw,fr",US Dollar,,,,Yes
VIR,VI,Îles Vierges américaines,Amériques,Charlotte Amalie,en-VI,US Dollar,,x,,Territory of US
URY,UY,Uruguay,Amériques,Montevideo,es-UY,"Peso Uruguayo,Unidad Previsional",,,,Yes
UZB,UZ,Ouzbékistan,Asie,Tashkent,"uz,ru,tg",Uzbekistan Sum,x,,,Yes
VUT,VU,Vanuatu,Océanie,Port Vila,"bi,en-VU,fr-VU",Vatu,,x,,Yes
VEN,VE,Venezuela (République bolivarienne du),Amériques,Caracas,es-VE,"Bolívar Soberano,Bolívar Soberano",,,,Yes
VNM,VN,Viet Nam,Asie,Hanoi,"vi,en,fr,zh,km",Dong,,,,Yes
WLF,WF,Îles Wallis-et-Futuna,Océanie,Mata Utu,"wls,fud,fr-WF",CFP Franc,,,,Territory of FR
ESH,EH,Sahara occidental,Afrique,El-Aaiun,"ar,mey",Moroccan Dirham,,,,In contention
YEM,YE,Yémen,Asie,Sanaa,ar-YE,Yemeni Rial,,,x,Yes
ZMB,ZM,Zambie,Afrique,Lusaka,"en-ZM,bem,loz,lun,lue,ny,toi",Zambian Kwacha,x,,x,Yes
ZWE,ZW,Zimbabwe,Afrique,Harare,"en-ZW,sn,nr,nd",Zimbabwe Gold,x,,,Yes
